Date,Adj Close.6,Close.6,High.6,Low.6,Open.6,Volume.6
2018-07-01,,,,,,
2018-07-02,,,,,,
2018-07-03,,,,,,
2018-07-04,,,,,,
2018-07-05,,,,,,
2018-07-08,,,,,,
2018-07-09,,,,,,
2018-07-10,,,,,,
2018-07-11,,,,,,
2018-07-12,,,,,,
2018-07-15,,,,,,
2018-07-16,,,,,,
2018-07-17,,,,,,
2018-07-18,,,,,,
2018-07-19,,,,,,
2018-07-22,,,,,,
2018-07-23,,,,,,
2018-07-24,,,,,,
2018-07-25,,,,,,
2018-07-26,,,,,,
2018-07-29,,,,,,
2018-07-30,,,,,,
2018-07-31,,,,,,
2018-08-01,,,,,,
2018-08-02,,,,,,
2018-08-05,,,,,,
2018-08-06,,,,,,
2018-08-07,,,,,,
2018-08-08,,,,,,
2018-08-09,,,,,,
2018-08-12,,,,,,
2018-08-13,,,,,,
2018-08-14,,,,,,
2018-08-15,,,,,,
2018-08-16,,,,,,
2018-08-19,,,,,,
2018-08-20,,,,,,
2018-08-21,,,,,,
2018-08-22,,,,,,
2018-08-23,,,,,,
2018-08-26,,,,,,
2018-08-27,,,,,,
2018-08-28,,,,,,
2018-08-29,,,,,,
2018-08-30,,,,,,
2018-09-02,,,,,,
2018-09-03,,,,,,
2018-09-04,,,,,,
2018-09-05,,,,,,
2018-09-06,,,,,,
2018-09-09,,,,,,
2018-09-10,,,,,,
2018-09-11,,,,,,
2018-09-12,,,,,,
2018-09-13,,,,,,
2018-09-16,,,,,,
2018-09-17,,,,,,
2018-09-18,,,,,,
2018-09-19,,,,,,
2018-09-20,,,,,,
2018-09-23,,,,,,
2018-09-24,,,,,,
2018-09-25,,,,,,
2018-09-26,,,,,,
2018-09-27,,,,,,
2018-09-30,,,,,,
2018-10-01,,,,,,
2018-10-02,,,,,,
2018-10-03,,,,,,
2018-10-04,,,,,,
2018-10-07,,,,,,
2018-10-08,,,,,,
2018-10-09,,,,,,
2018-10-10,,,,,,
2018-10-11,,,,,,
2018-10-14,,,,,,
2018-10-15,,,,,,
2018-10-16,,,,,,
2018-10-17,,,,,,
2018-10-18,,,,,,
2018-10-21,,,,,,
2018-10-22,,,,,,
2018-10-23,,,,,,
2018-10-24,,,,,,
2018-10-25,,,,,,
2018-10-28,,,,,,
2018-10-29,,,,,,
2018-10-30,,,,,,
2018-10-31,,,,,,
2018-11-01,,,,,,
2018-11-04,,,,,,
2018-11-05,,,,,,
2018-11-06,,,,,,
2018-11-07,,,,,,
2018-11-08,,,,,,
2018-11-11,,,,,,
2018-11-12,,,,,,
2018-11-13,,,,,,
2018-11-14,,,,,,
2018-11-15,,,,,,
2018-11-18,,,,,,
2018-11-19,,,,,,
2018-11-20,,,,,,
2018-11-21,,,,,,
2018-11-22,,,,,,
2018-11-25,,,,,,
2018-11-26,,,,,,
2018-11-27,,,,,,
2018-11-28,,,,,,
2018-11-29,,,,,,
2018-12-02,,,,,,
2018-12-03,,,,,,
2018-12-04,,,,,,
2018-12-05,,,,,,
2018-12-06,,,,,,
2018-12-09,,,,,,
2018-12-10,,,,,,
2018-12-11,,,,,,
2018-12-12,,,,,,
2018-12-13,,,,,,
2018-12-16,,,,,,
2018-12-17,,,,,,
2018-12-18,,,,,,
2018-12-19,,,,,,
2018-12-20,,,,,,
2018-12-23,,,,,,
2018-12-24,,,,,,
2018-12-25,,,,,,
2018-12-26,,,,,,
2018-12-27,,,,,,
2018-12-30,,,,,,
2018-12-31,,,,,,
2019-01-01,,,,,,
2019-01-02,,,,,,
2019-01-03,,,,,,
2019-01-06,,,,,,
2019-01-07,,,,,,
2019-01-08,,,,,,
2019-01-09,,,,,,
2019-01-10,,,,,,
2019-01-13,,,,,,
2019-01-14,,,,,,
2019-01-15,,,,,,
2019-01-16,,,,,,
2019-01-17,,,,,,
2019-01-20,,,,,,
2019-01-21,,,,,,
2019-01-22,,,,,,
2019-01-23,,,,,,
2019-01-24,,,,,,
2019-01-27,,,,,,
2019-01-28,,,,,,
2019-01-29,,,,,,
2019-01-30,,,,,,
2019-01-31,,,,,,
2019-02-03,,,,,,
2019-02-04,,,,,,
2019-02-05,,,,,,
2019-02-06,,,,,,
2019-02-07,,,,,,
2019-02-10,,,,,,
2019-02-11,,,,,,
2019-02-12,,,,,,
2019-02-13,,,,,,
2019-02-14,,,,,,
2019-02-17,,,,,,
2019-02-18,,,,,,
2019-02-19,,,,,,
2019-02-20,,,,,,
2019-02-21,,,,,,
2019-02-24,,,,,,
2019-02-25,,,,,,
2019-02-26,,,,,,
2019-02-27,,,,,,
2019-02-28,,,,,,
2019-03-03,,,,,,
2019-03-04,,,,,,
2019-03-05,,,,,,
2019-03-06,,,,,,
2019-03-07,,,,,,
2019-03-10,,,,,,
2019-03-11,,,,,,
2019-03-12,,,,,,
2019-03-13,,,,,,
2019-03-14,,,,,,
2019-03-17,,,,,,
2019-03-18,,,,,,
2019-03-19,,,,,,
2019-03-20,,,,,,
2019-03-21,,,,,,
2019-03-24,,,,,,
2019-03-25,,,,,,
2019-03-26,,,,,,
2019-03-27,,,,,,
2019-03-28,,,,,,
2019-03-31,,,,,,
2019-04-01,,,,,,
2019-04-02,,,,,,
2019-04-03,,,,,,
2019-04-04,,,,,,
2019-04-07,,,,,,
2019-04-08,,,,,,
2019-04-09,,,,,,
2019-04-10,,,,,,
2019-04-11,,,,,,
2019-04-14,,,,,,
2019-04-15,,,,,,
2019-04-16,,,,,,
2019-04-17,,,,,,
2019-04-18,,,,,,
2019-04-21,,,,,,
2019-04-22,,,,,,
2019-04-23,,,,,,
2019-04-24,,,,,,
2019-04-25,,,,,,
2019-04-28,,,,,,
2019-04-29,,,,,,
2019-04-30,,,,,,
2019-05-01,,,,,,
2019-05-02,,,,,,
2019-05-05,,,,,,
2019-05-06,,,,,,
2019-05-07,,,,,,
2019-05-08,,,,,,
2019-05-09,,,,,,
2019-05-12,,,,,,
2019-05-13,,,,,,
2019-05-14,,,,,,
2019-05-15,,,,,,
2019-05-16,,,,,,
2019-05-19,,,,,,
2019-05-20,,,,,,
2019-05-21,,,,,,
2019-05-22,,,,,,
2019-05-23,,,,,,
2019-05-26,,,,,,
2019-05-27,,,,,,
2019-05-28,,,,,,
2019-05-29,,,,,,
2019-05-30,,,,,,
2019-06-02,,,,,,
2019-06-03,,,,,,
2019-06-04,,,,,,
2019-06-05,,,,,,
2019-06-06,,,,,,
2019-06-09,,,,,,
2019-06-10,,,,,,
2019-06-11,,,,,,
2019-06-12,,,,,,
2019-06-13,,,,,,
2019-06-16,,,,,,
2019-06-17,,,,,,
2019-06-18,,,,,,
2019-06-19,,,,,,
2019-06-20,,,,,,
2019-06-23,,,,,,
2019-06-24,,,,,,
2019-06-25,,,,,,
2019-06-26,,,,,,
2019-06-27,,,,,,
2019-06-30,,,,,,
2019-07-01,,,,,,
2019-07-02,,,,,,
2019-07-03,,,,,,
2019-07-04,,,,,,
2019-07-07,,,,,,
2019-07-08,,,,,,
2019-07-09,,,,,,
2019-07-10,,,,,,
2019-07-11,,,,,,
2019-07-14,,,,,,
2019-07-15,,,,,,
2019-07-16,,,,,,
2019-07-17,,,,,,
2019-07-18,,,,,,
2019-07-21,,,,,,
2019-07-22,,,,,,
2019-07-23,,,,,,
2019-07-24,,,,,,
2019-07-25,,,,,,
2019-07-28,,,,,,
2019-07-29,,,,,,
2019-07-30,,,,,,
2019-07-31,,,,,,
2019-08-01,,,,,,
2019-08-04,,,,,,
2019-08-05,,,,,,
2019-08-06,,,,,,
2019-08-07,,,,,,
2019-08-08,,,,,,
2019-08-11,,,,,,
2019-08-12,,,,,,
2019-08-13,,,,,,
2019-08-14,,,,,,
2019-08-15,,,,,,
2019-08-18,,,,,,
2019-08-19,,,,,,
2019-08-20,,,,,,
2019-08-21,,,,,,
2019-08-22,,,,,,
2019-08-25,,,,,,
2019-08-26,,,,,,
2019-08-27,,,,,,
2019-08-28,,,,,,
2019-08-29,,,,,,
2019-09-01,,,,,,
2019-09-02,,,,,,
2019-09-03,,,,,,
2019-09-04,,,,,,
2019-09-05,,,,,,
2019-09-08,,,,,,
2019-09-09,,,,,,
2019-09-10,,,,,,
2019-09-11,,,,,,
2019-09-12,,,,,,
2019-09-15,,,,,,
2019-09-16,,,,,,
2019-09-17,,,,,,
2019-09-18,,,,,,
2019-09-19,,,,,,
2019-09-22,,,,,,
2019-09-24,,,,,,
2019-09-25,,,,,,
2019-09-26,,,,,,
2019-09-29,,,,,,
2019-09-30,,,,,,
2019-10-01,,,,,,
2019-10-02,,,,,,
2019-10-03,,,,,,
2019-10-06,,,,,,
2019-10-07,,,,,,
2019-10-08,,,,,,
2019-10-09,,,,,,
2019-10-10,,,,,,
2019-10-13,,,,,,
2019-10-14,,,,,,
2019-10-15,,,,,,
2019-10-16,,,,,,
2019-10-17,,,,,,
2019-10-20,,,,,,
2019-10-21,,,,,,
2019-10-22,,,,,,
2019-10-23,,,,,,
2019-10-24,,,,,,
2019-10-27,,,,,,
2019-10-28,,,,,,
2019-10-29,,,,,,
2019-10-30,,,,,,
2019-10-31,,,,,,
2019-11-03,,,,,,
2019-11-04,,,,,,
2019-11-05,,,,,,
2019-11-06,,,,,,
2019-11-07,,,,,,
2019-11-10,,,,,,
2019-11-11,,,,,,
2019-11-12,,,,,,
2019-11-13,,,,,,
2019-11-14,,,,,,
2019-11-17,,,,,,
2019-11-18,,,,,,
2019-11-19,,,,,,
2019-11-20,,,,,,
2019-11-21,,,,,,
2019-11-24,,,,,,
2019-11-25,,,,,,
2019-11-26,,,,,,
2019-11-27,,,,,,
2019-11-28,,,,,,
2019-12-01,,,,,,
2019-12-02,,,,,,
2019-12-03,,,,,,
2019-12-04,,,,,,
2019-12-05,,,,,,
2019-12-08,,,,,,
2019-12-09,,,,,,
2019-12-10,,,,,,
2019-12-11,,,,,,
2019-12-12,,,,,,
2019-12-15,,,,,,
2019-12-16,,,,,,
2019-12-17,,,,,,
2019-12-18,,,,,,
2019-12-19,,,,,,
2019-12-22,,,,,,
2019-12-23,,,,,,
2019-12-24,,,,,,
2019-12-25,,,,,,
2019-12-26,,,,,,
2019-12-29,,,,,,
2019-12-30,,,,,,
2019-12-31,,,,,,
2020-01-01,,,,,,
2020-01-02,,,,,,
2020-01-05,,,,,,
2020-01-06,,,,,,
2020-01-07,,,,,,
2020-01-08,,,,,,
2020-01-09,,,,,,
2020-01-12,,,,,,
2020-01-13,,,,,,
2020-01-14,,,,,,
2020-01-15,,,,,,
2020-01-16,,,,,,
2020-01-19,,,,,,
2020-01-20,,,,,,
2020-01-21,,,,,,
2020-01-22,,,,,,
2020-01-23,,,,,,
2020-01-26,,,,,,
2020-01-27,,,,,,
2020-01-28,,,,,,
2020-01-29,,,,,,
2020-01-30,,,,,,
2020-02-02,,,,,,
2020-02-03,,,,,,
2020-02-04,,,,,,
2020-02-05,,,,,,
2020-02-06,,,,,,
2020-02-09,,,,,,
2020-02-10,,,,,,
2020-02-11,,,,,,
2020-02-12,,,,,,
2020-02-13,,,,,,
2020-02-16,,,,,,
2020-02-17,,,,,,
2020-02-18,,,,,,
2020-02-19,,,,,,
2020-02-20,,,,,,
2020-02-23,,,,,,
2020-02-24,,,,,,
2020-02-25,,,,,,
2020-02-26,,,,,,
2020-02-27,,,,,,
2020-03-01,,,,,,
2020-03-02,,,,,,
2020-03-03,,,,,,
2020-03-04,,,,,,
2020-03-05,,,,,,
2020-03-08,,,,,,
2020-03-09,,,,,,
2020-03-10,,,,,,
2020-03-11,,,,,,
2020-03-12,,,,,,
2020-03-15,,,,,,
2020-03-16,,,,,,
2020-03-17,,,,,,
2020-03-18,,,,,,
2020-03-19,,,,,,
2020-03-22,,,,,,
2020-03-23,,,,,,
2020-03-24,,,,,,
2020-03-25,,,,,,
2020-03-26,,,,,,
2020-03-29,,,,,,
2020-03-30,,,,,,
2020-03-31,,,,,,
2020-04-01,,,,,,
2020-04-02,,,,,,
2020-04-05,,,,,,
2020-04-06,,,,,,
2020-04-07,,,,,,
2020-04-08,,,,,,
2020-04-09,,,,,,
2020-04-12,,,,,,
2020-04-13,,,,,,
2020-04-14,,,,,,
2020-04-15,,,,,,
2020-04-16,,,,,,
2020-04-19,,,,,,
2020-04-20,,,,,,
2020-04-21,,,,,,
2020-04-22,,,,,,
2020-04-23,,,,,,
2020-04-26,,,,,,
2020-04-27,,,,,,
2020-04-28,,,,,,
2020-04-29,,,,,,
2020-04-30,,,,,,
2020-05-03,,,,,,
2020-05-04,,,,,,
2020-05-05,,,,,,
2020-05-06,,,,,,
2020-05-07,,,,,,
2020-05-10,,,,,,
2020-05-11,,,,,,
2020-05-12,,,,,,
2020-05-13,,,,,,
2020-05-14,,,,,,
2020-05-17,,,,,,
2020-05-18,,,,,,
2020-05-19,,,,,,
2020-05-20,,,,,,
2020-05-21,,,,,,
2020-05-31,,,,,,
2020-06-01,,,,,,
2020-06-02,,,,,,
2020-06-03,,,,,,
2020-06-04,,,,,,
2020-06-07,,,,,,
2020-06-08,,,,,,
2020-06-09,,,,,,
2020-06-10,,,,,,
2020-06-11,,,,,,
2020-06-14,,,,,,
2020-06-15,,,,,,
2020-06-16,,,,,,
2020-06-17,,,,,,
2020-06-18,,,,,,
2020-06-21,,,,,,
2020-06-22,,,,,,
2020-06-23,,,,,,
2020-06-24,,,,,,
2020-06-25,,,,,,
2020-06-28,,,,,,
2020-06-29,,,,,,
2020-06-30,,,,,,
2020-07-01,,,,,,
2020-07-02,,,,,,
2020-07-05,,,,,,
2020-07-06,,,,,,
2020-07-07,,,,,,
2020-07-08,,,,,,
2020-07-09,,,,,,
2020-07-12,,,,,,
2020-07-13,,,,,,
2020-07-14,,,,,,
2020-07-15,,,,,,
2020-07-16,,,,,,
2020-07-19,,,,,,
2020-07-20,,,,,,
2020-07-21,,,,,,
2020-07-22,,,,,,
2020-07-23,,,,,,
2020-07-26,,,,,,
2020-07-27,,,,,,
2020-07-28,,,,,,
2020-08-05,,,,,,
2020-08-06,,,,,,
2020-08-09,,,,,,
2020-08-10,,,,,,
2020-08-11,,,,,,
2020-08-12,,,,,,
2020-08-13,,,,,,
2020-08-16,,,,,,
2020-08-17,,,,,,
2020-08-18,,,,,,
2020-08-19,,,,,,
2020-08-20,,,,,,
2020-08-23,,,,,,
2020-08-24,,,,,,
2020-08-25,,,,,,
2020-08-26,,,,,,
2020-08-27,,,,,,
2020-08-30,,,,,,
2020-08-31,,,,,,
2020-09-01,,,,,,
2020-09-02,,,,,,
2020-09-03,,,,,,
2020-09-06,,,,,,
2020-09-07,,,,,,
2020-09-08,,,,,,
2020-09-09,,,,,,
2020-09-10,,,,,,
2020-09-13,,,,,,
2020-09-14,,,,,,
2020-09-15,,,,,,
2020-09-16,,,,,,
2020-09-17,,,,,,
2020-09-20,,,,,,
2020-09-21,,,,,,
2020-09-22,,,,,,
2020-09-24,,,,,,
2020-09-27,,,,,,
2020-09-28,,,,,,
2020-09-29,,,,,,
2020-09-30,,,,,,
2020-10-01,,,,,,
2020-10-04,,,,,,
2020-10-05,,,,,,
2020-10-06,,,,,,
2020-10-07,,,,,,
2020-10-08,,,,,,
2020-10-11,,,,,,
2020-10-12,,,,,,
2020-10-13,,,,,,
2020-10-14,,,,,,
2020-10-15,,,,,,
2020-10-18,,,,,,
2020-10-19,,,,,,
2020-10-20,,,,,,
2020-10-21,,,,,,
2020-10-22,,,,,,
2020-10-25,,,,,,
2020-10-26,,,,,,
2020-10-27,,,,,,
2020-10-28,,,,,,
2020-10-29,,,,,,
2020-11-01,,,,,,
2020-11-02,,,,,,
2020-11-03,,,,,,
2020-11-04,,,,,,
2020-11-05,,,,,,
2020-11-08,,,,,,
2020-11-09,,,,,,
2020-11-10,,,,,,
2020-11-11,,,,,,
2020-11-12,,,,,,
2020-11-15,,,,,,
2020-11-16,,,,,,
2020-11-17,,,,,,
2020-11-18,,,,,,
2020-11-19,,,,,,
2020-11-22,,,,,,
2020-11-23,,,,,,
2020-11-24,,,,,,
2020-11-25,,,,,,
2020-11-26,,,,,,
2020-11-29,,,,,,
2020-11-30,,,,,,
2020-12-01,,,,,,
2020-12-02,,,,,,
2020-12-03,,,,,,
2020-12-06,,,,,,
2020-12-07,,,,,,
2020-12-08,,,,,,
2020-12-09,,,,,,
2020-12-10,,,,,,
2020-12-13,,,,,,
2020-12-14,,,,,,
2020-12-15,,,,,,
2020-12-16,,,,,,
2020-12-17,,,,,,
2020-12-20,,,,,,
2020-12-21,,,,,,
2020-12-22,,,,,,
2020-12-23,,,,,,
2020-12-24,,,,,,
2020-12-27,,,,,,
2020-12-28,,,,,,
2020-12-29,,,,,,
2020-12-30,,,,,,
2020-12-31,,,,,,
2021-01-03,,,,,,
2021-01-04,,,,,,
2021-01-05,,,,,,
2021-01-06,,,,,,
2021-01-07,,,,,,
2021-01-10,,,,,,
2021-01-11,,,,,,
2021-01-12,,,,,,
2021-01-13,,,,,,
2021-01-14,,,,,,
2021-01-17,,,,,,
2021-01-18,,,,,,
2021-01-19,,,,,,
2021-01-20,,,,,,
2021-01-21,,,,,,
2021-01-24,,,,,,
2021-01-25,,,,,,
2021-01-26,,,,,,
2021-01-27,,,,,,
2021-01-28,,,,,,
2021-01-31,,,,,,
2021-02-01,,,,,,
2021-02-02,,,,,,
2021-02-03,,,,,,
2021-02-04,,,,,,
2021-02-07,,,,,,
2021-02-08,,,,,,
2021-02-09,,,,,,
2021-02-10,,,,,,
2021-02-11,,,,,,
2021-02-14,,,,,,
2021-02-15,,,,,,
2021-02-16,,,,,,
2021-02-17,,,,,,
2021-02-18,,,,,,
2021-02-21,,,,,,
2021-02-22,,,,,,
2021-02-23,,,,,,
2021-02-24,,,,,,
2021-02-25,,,,,,
2021-02-28,,,,,,
2021-03-01,,,,,,
2021-03-02,,,,,,
2021-03-03,,,,,,
2021-03-04,,,,,,
2021-03-07,,,,,,
2021-03-08,,,,,,
2021-03-09,,,,,,
2021-03-10,,,,,,
2021-03-11,,,,,,
2021-03-14,,,,,,
2021-03-15,,,,,,
2021-03-16,,,,,,
2021-03-17,,,,,,
2021-03-18,,,,,,
2021-03-21,,,,,,
2021-03-22,,,,,,
2021-03-23,,,,,,
2021-03-24,,,,,,
2021-03-25,,,,,,
2021-03-28,,,,,,
2021-03-29,,,,,,
2021-03-30,,,,,,
2021-03-31,,,,,,
2021-04-01,,,,,,
2021-04-04,,,,,,
2021-04-05,,,,,,
2021-04-06,,,,,,
2021-04-07,,,,,,
2021-04-08,,,,,,
2021-04-11,,,,,,
2021-04-12,,,,,,
2021-04-13,,,,,,
2021-04-14,,,,,,
2021-04-15,,,,,,
2021-04-18,,,,,,
2021-04-19,,,,,,
2021-04-20,,,,,,
2021-04-21,,,,,,
2021-04-22,,,,,,
2021-04-25,,,,,,
2021-04-26,,,,,,
2021-04-27,,,,,,
2021-04-28,,,,,,
2021-04-29,,,,,,
2021-05-02,,,,,,
2021-05-03,,,,,,
2021-05-04,,,,,,
2021-05-05,,,,,,
2021-05-06,,,,,,
2021-05-09,,,,,,
2021-05-10,,,,,,
2021-05-17,,,,,,
2021-05-18,,,,,,
2021-05-19,,,,,,
2021-05-20,,,,,,
2021-05-23,,,,,,
2021-05-24,,,,,,
2021-05-25,,,,,,
2021-05-26,,,,,,
2021-05-27,,,,,,
2021-05-30,,,,,,
2021-05-31,,,,,,
2021-06-01,,,,,,
2021-06-02,,,,,,
2021-06-03,,,,,,
2021-06-06,,,,,,
2021-06-07,,,,,,
2021-06-08,,,,,,
2021-06-09,,,,,,
2021-06-10,,,,,,
2021-06-13,,,,,,
2021-06-14,,,,,,
2021-06-15,,,,,,
2021-06-16,,,,,,
2021-06-17,,,,,,
2021-06-20,,,,,,
2021-06-21,,,,,,
2021-06-22,,,,,,
2021-06-23,,,,,,
2021-06-24,,,,,,
2021-06-27,,,,,,
2021-06-28,,,,,,
2021-06-29,,,,,,
2021-06-30,,,,,,
2021-07-01,,,,,,
2021-07-04,,,,,,
2021-07-05,,,,,,
2021-07-06,,,,,,
2021-07-07,,,,,,
2021-07-08,,,,,,
2021-07-11,,,,,,
2021-07-12,,,,,,
2021-07-13,,,,,,
2021-07-14,,,,,,
2021-07-15,,,,,,
2021-07-25,,,,,,
2021-07-26,,,,,,
2021-07-27,,,,,,
2021-07-28,,,,,,
2021-07-29,,,,,,
2021-08-01,,,,,,
2021-08-02,,,,,,
2021-08-03,,,,,,
2021-08-04,,,,,,
2021-08-05,,,,,,
2021-08-08,,,,,,
2021-08-09,,,,,,
2021-08-10,,,,,,
2021-08-11,,,,,,
2021-08-12,,,,,,
2021-08-15,,,,,,
2021-08-16,,,,,,
2021-08-17,,,,,,
2021-08-18,,,,,,
2021-08-19,,,,,,
2021-08-22,,,,,,
2021-08-23,,,,,,
2021-08-24,,,,,,
2021-08-25,,,,,,
2021-08-26,,,,,,
2021-08-29,,,,,,
2021-08-30,,,,,,
2021-08-31,,,,,,
2021-09-01,,,,,,
2021-09-02,,,,,,
2021-09-05,,,,,,
2021-09-06,,,,,,
2021-09-07,,,,,,
2021-09-08,,,,,,
2021-09-09,,,,,,
2021-09-12,,,,,,
2021-09-13,,,,,,
2021-09-14,,,,,,
2021-09-15,,,,,,
2021-09-16,,,,,,
2021-09-19,,,,,,
2021-09-20,,,,,,
2021-09-21,,,,,,
2021-09-22,,,,,,
2021-09-26,,,,,,
2021-09-27,,,,,,
2021-09-28,,,,,,
2021-09-29,,,,,,
2021-09-30,,,,,,
2021-10-03,,,,,,
2021-10-04,,,,,,
2021-10-05,,,,,,
2021-10-06,,,,,,
2021-10-07,,,,,,
2021-10-10,,,,,,
2021-10-11,,,,,,
2021-10-12,,,,,,
2021-10-13,,,,,,
2021-10-14,,,,,,
2021-10-17,,,,,,
2021-10-18,,,,,,
2021-10-19,,,,,,
2021-10-20,,,,,,
2021-10-21,,,,,,
2021-10-24,,,,,,
2021-10-25,,,,,,
2021-10-26,,,,,,
2021-10-27,,,,,,
2021-10-28,,,,,,
2021-10-31,,,,,,
2021-11-01,,,,,,
2021-11-02,,,,,,
2021-11-03,,,,,,
2021-11-04,,,,,,
2021-11-07,,,,,,
2021-11-08,,,,,,
2021-11-09,,,,,,
2021-11-10,,,,,,
2021-11-11,,,,,,
2021-11-14,,,,,,
2021-11-15,,,,,,
2021-11-16,,,,,,
2021-11-17,,,,,,
2021-11-18,,,,,,
2021-11-21,,,,,,
2021-11-22,,,,,,
2021-11-23,,,,,,
2021-11-24,,,,,,
2021-11-25,,,,,,
2021-11-28,,,,,,
2021-11-29,,,,,,
2021-11-30,,,,,,
2021-12-01,,,,,,
2021-12-02,,,,,,
2021-12-05,,,,,,
2021-12-06,,,,,,
2021-12-07,,,,,,
2021-12-08,,,,,,
2021-12-09,,,,,,
2021-12-12,123.3584442138672,127.0,130.60000610351562,125.5999984741211,127.0,3878722.0
2021-12-13,122.77565002441406,126.4000015258789,128.39999389648438,126.0,127.5999984741211,1724265.0
2021-12-14,122.19285583496094,125.8000030517578,126.1999969482422,123.8000030517578,126.1999969482422,976110.0
2021-12-15,123.3584442138672,127.0,127.8000030517578,124.5999984741211,125.5999984741211,1124655.0
2021-12-16,121.61005401611328,125.1999969482422,128.1999969482422,125.1999969482422,127.4000015258789,840675.0
2021-12-19,121.8043212890625,125.4000015258789,126.4000015258789,124.8000030517578,125.0,607660.0
2021-12-20,121.99858856201172,125.5999984741211,125.8000030517578,124.8000030517578,125.0,473135.0
2021-12-21,122.19285583496094,125.8000030517578,126.4000015258789,125.1999969482422,125.4000015258789,406772.0
2021-12-22,121.02725982666016,124.5999984741211,126.0,124.5999984741211,125.8000030517578,427110.0
2021-12-23,120.05593872070312,123.5999984741211,125.1999969482422,123.0,124.4000015258789,383333.0
2021-12-26,120.05593872070312,123.5999984741211,124.1999969482422,122.8000030517578,123.5999984741211,222824.0
2021-12-27,118.69607543945312,122.1999969482422,123.4000015258789,122.1999969482422,123.1999969482422,293132.0
2021-12-28,121.61005401611328,125.1999969482422,125.5999984741211,122.1999969482422,122.1999969482422,409878.0
2021-12-29,119.47313690185548,123.0,126.1999969482422,123.0,124.8000030517578,486058.0
2021-12-30,122.19285583496094,125.8000030517578,126.4000015258789,123.1999969482422,123.1999969482422,562929.0
2022-01-02,122.77565002441406,126.4000015258789,127.5999984741211,125.5999984741211,125.8000030517578,458110.0
2022-01-03,121.4157943725586,125.0,126.5999984741211,124.8000030517578,126.4000015258789,355748.0
2022-01-04,121.8043212890625,125.4000015258789,126.1999969482422,125.0,125.0,223014.0
2022-01-05,121.4157943725586,125.0,126.0,125.0,125.5999984741211,204317.0
2022-01-06,121.4157943725586,125.0,125.5999984741211,124.5999984741211,125.0,259645.0
2022-01-09,121.61005401611328,125.1999969482422,125.5999984741211,125.0,125.1999969482422,137029.0
2022-01-10,125.88390350341795,129.60000610351562,130.0,125.1999969482422,125.1999969482422,1916987.0
2022-01-11,138.31686401367188,142.39999389648438,142.39999389648438,129.0,129.8000030517578,3730307.0
2022-01-12,135.01437377929688,139.0,144.1999969482422,138.39999389648438,142.0,2214544.0
2022-01-13,136.3742218017578,140.39999389648438,141.8000030517578,138.1999969482422,138.8000030517578,1874499.0
2022-01-16,146.86453247070312,151.1999969482422,153.0,141.0,141.0,3621082.0
2022-01-17,155.41221618652344,160.0,163.0,152.1999969482422,152.1999969482422,2212714.0
2022-01-18,163.765625,168.60000610351562,169.60000610351562,160.60000610351562,160.60000610351562,2922012.0
2022-01-19,158.32620239257812,163.0,173.39999389648438,160.1999969482422,169.60000610351562,3881374.0
2022-01-20,155.41221618652344,160.0,164.1999969482422,159.60000610351562,163.0,1295243.0
2022-01-23,157.74339294433594,162.39999389648438,163.1999969482422,157.0,159.60000610351562,1722013.0
2022-01-24,155.41221618652344,160.0,165.0,159.39999389648438,163.1999969482422,1790886.0
2022-01-25,155.60647583007812,160.1999969482422,162.60000610351562,159.0,160.39999389648438,1127870.0
2022-01-26,155.60647583007812,160.1999969482422,160.1999969482422,160.1999969482422,160.1999969482422,0.0
2022-01-27,155.60647583007812,160.1999969482422,160.1999969482422,160.1999969482422,160.1999969482422,0.0
2022-01-30,155.60647583007812,160.1999969482422,162.0,160.0,161.0,435501.0
2022-01-31,157.35487365722656,162.0,164.60000610351562,160.0,160.39999389648438,1550558.0
2022-02-01,156.18927001953125,160.8000030517578,163.39999389648438,160.1999969482422,162.1999969482422,606109.0
2022-02-02,155.99501037597656,160.60000610351562,163.0,160.39999389648438,160.8000030517578,430664.0
2022-02-03,155.60647583007812,160.1999969482422,161.39999389648438,160.1999969482422,160.8000030517578,264154.0
2022-02-06,155.60647583007812,160.1999969482422,161.1999969482422,159.1999969482422,160.39999389648438,259997.0
2022-02-07,154.82940673828125,159.39999389648438,160.39999389648438,159.39999389648438,160.1999969482422,256153.0
2022-02-08,157.35487365722656,162.0,162.8000030517578,159.60000610351562,159.60000610351562,938810.0
2022-02-09,156.383544921875,161.0,162.60000610351562,160.60000610351562,162.60000610351562,331972.0
2022-02-10,157.5491180419922,162.1999969482422,162.39999389648438,161.0,161.0,544790.0
2022-02-13,155.023681640625,159.60000610351562,160.8000030517578,157.1999969482422,160.60000610351562,663346.0
2022-02-14,154.82940673828125,159.39999389648438,160.1999969482422,158.0,159.39999389648438,475253.0
2022-02-15,154.44088745117188,159.0,159.60000610351562,158.60000610351562,159.39999389648438,470770.0
2022-02-16,155.60647583007812,160.1999969482422,162.0,159.1999969482422,159.1999969482422,617166.0
2022-02-17,155.023681640625,159.60000610351562,162.39999389648438,159.60000610351562,161.60000610351562,690421.0
2022-02-20,156.18927001953125,160.8000030517578,161.60000610351562,158.8000030517578,160.0,499282.0
2022-02-21,156.383544921875,161.0,164.39999389648438,160.39999389648438,160.8000030517578,1423959.0
2022-02-23,156.383544921875,161.0,162.60000610351562,160.39999389648438,161.0,480768.0
2022-02-24,152.8867645263672,157.39999389648438,159.8000030517578,157.39999389648438,159.0,711378.0
2022-02-27,154.2466278076172,158.8000030517578,160.0,158.8000030517578,159.0,207559.0
2022-02-28,155.60647583007812,160.1999969482422,160.39999389648438,158.39999389648438,158.60000610351562,302778.0
2022-03-01,160.2688446044922,165.0,167.8000030517578,160.0,160.0,1929171.0
2022-03-02,158.32620239257812,163.0,168.60000610351562,162.8000030517578,165.39999389648438,1300707.0
2022-03-03,156.5778045654297,161.1999969482422,164.60000610351562,161.1999969482422,164.60000610351562,496403.0
2022-03-06,155.99501037597656,160.60000610351562,164.39999389648438,160.39999389648438,163.0,671169.0
2022-03-07,158.7147216796875,163.39999389648438,163.39999389648438,159.1999969482422,161.1999969482422,659188.0
2022-03-08,162.79429626464844,167.60000610351562,171.8000030517578,164.1999969482422,164.39999389648438,2271793.0
2022-03-09,159.4917755126953,164.1999969482422,170.0,163.39999389648438,167.60000610351562,725616.0
2022-03-10,159.2975311279297,164.0,167.1999969482422,163.0,163.1999969482422,595943.0
2022-03-13,158.32620239257812,163.0,165.0,163.0,164.0,336823.0
2022-03-14,156.383544921875,161.0,163.60000610351562,160.8000030517578,163.60000610351562,230113.0
2022-03-15,156.5778045654297,161.1999969482422,162.0,160.0,162.0,338333.0
2022-03-16,156.77206420898438,161.39999389648438,163.1999969482422,161.0,161.1999969482422,239690.0
2022-03-17,157.74339294433594,162.39999389648438,164.0,161.0,161.1999969482422,334155.0
2022-03-20,161.62869262695312,166.39999389648438,166.8000030517578,161.39999389648438,162.39999389648438,679216.0
2022-03-21,165.9025421142578,170.8000030517578,175.39999389648438,166.39999389648438,166.39999389648438,2096692.0
2022-03-22,167.84518432617188,172.8000030517578,173.8000030517578,170.39999389648438,171.8000030517578,539229.0
2022-03-23,170.9534454345703,176.0,176.39999389648438,172.60000610351562,173.0,642604.0
2022-03-24,167.6509246826172,172.60000610351562,178.8000030517578,171.8000030517578,176.1999969482422,485269.0
2022-03-27,180.6667022705078,186.0,187.3999938964844,173.0,173.0,2241661.0
2022-03-28,182.80360412597656,188.1999969482422,193.6000061035156,186.3999938964844,186.3999938964844,1231233.0
2022-03-29,180.6667022705078,186.0,190.0,185.3999938964844,188.8000030517578,565322.0
2022-03-30,183.38641357421875,188.8000030517578,190.6000061035156,185.6000061035156,186.1999969482422,456764.0
2022-03-31,185.52333068847656,191.0,194.3999938964844,189.6000061035156,189.6000061035156,622418.0
2022-04-03,183.77493286132807,189.1999969482422,192.3999938964844,189.1999969482422,191.3999938964844,252753.0
2022-04-04,183.77493286132807,189.1999969482422,189.1999969482422,189.1999969482422,189.1999969482422,0.0
2022-04-05,210.0007476806641,216.1999969482422,218.8000030517578,199.8000030517578,199.8000030517578,1864082.0
2022-04-06,189.7971649169922,195.3999938964844,228.1999969482422,194.6000061035156,216.3999938964844,2842397.0
2022-04-07,186.10614013671875,191.6000061035156,198.0,186.0,194.8000030517578,1075488.0
2022-04-10,189.4086456298828,195.0,198.3999938964844,191.8000030517578,194.6000061035156,755866.0
2022-04-11,185.911849975586,191.3999938964844,197.6000061035156,190.3999938964844,197.6000061035156,570469.0
2022-04-12,185.52333068847656,191.0,194.1999969482422,190.6000061035156,191.3999938964844,394279.0
2022-04-13,185.1348114013672,190.6000061035156,196.0,189.0,191.3999938964844,468956.0
2022-04-14,183.58067321777344,189.0,192.0,187.1999969482422,190.8000030517578,416086.0
2022-04-17,183.38641357421875,188.8000030517578,190.6000061035156,187.1999969482422,189.0,112617.0
2022-04-18,184.552001953125,190.0,191.8000030517578,188.3999938964844,188.8000030517578,192231.0
2022-04-19,182.9978790283203,188.3999938964844,190.3999938964844,188.3999938964844,190.1999969482422,113806.0
2022-04-20,183.58067321777344,189.0,190.6000061035156,187.8000030517578,188.3999938964844,167955.0
2022-04-21,185.71759033203125,191.1999969482422,193.1999969482422,188.3999938964844,189.8000030517578,359665.0
2022-04-24,189.4086456298828,195.0,196.3999938964844,189.0,191.0,544494.0
2022-04-25,189.4086456298828,195.0,197.8000030517578,193.8000030517578,196.8000030517578,320427.0
2022-04-26,189.4086456298828,195.0,197.0,192.8000030517578,195.3999938964844,368140.0
2022-04-27,193.8767547607422,199.6000061035156,200.0,195.3999938964844,196.0,515902.0
2022-04-28,196.4021759033203,202.1999969482422,205.3999938964844,200.8000030517578,200.8000030517578,866936.0
2022-05-08,195.04232788085932,200.8000030517578,205.1999969482422,197.6000061035156,202.1999969482422,498174.0
2022-05-09,199.89895629882807,205.8000030517578,211.8000030517578,200.3999938964844,200.8000030517578,1640868.0
2022-05-10,203.0072021484375,209.0,210.6000061035156,204.6000061035156,205.8000030517578,781703.0
2022-05-11,201.84161376953125,207.8000030517578,210.8000030517578,207.1999969482422,209.6000061035156,662613.0
2022-05-12,191.5455474853516,197.1999969482422,207.6000061035156,197.1999969482422,207.6000061035156,951057.0
2022-05-15,200.4225311279297,203.1999969482422,205.6000061035156,191.1999969482422,195.0,548491.0
2022-05-16,205.74871826171875,208.6000061035156,211.3999938964844,203.1999969482422,203.1999969482422,1256929.0
2022-05-17,209.1022491455078,212.0,217.0,208.6000061035156,209.8000030517578,839031.0
2022-05-18,209.1022491455078,212.0,212.0,212.0,212.0,0.0
2022-05-19,201.80340576171875,204.6000061035156,211.0,203.8000030517578,211.0,514692.0
2022-05-22,204.17059326171875,207.0,211.3999938964844,204.8000030517578,205.8000030517578,287227.0
2022-05-23,206.34051513671875,209.1999969482422,211.6000061035156,208.0,208.0,555137.0
2022-05-24,206.14324951171875,209.0,212.1999969482422,207.0,209.1999969482422,489759.0
2022-05-25,208.7077178955078,211.6000061035156,214.1999969482422,209.1999969482422,210.8000030517578,484339.0
2022-05-26,215.41476440429688,218.3999938964844,219.0,212.8000030517578,213.6000061035156,586067.0
2022-05-29,220.149154663086,223.1999969482422,223.3999938964844,219.6000061035156,219.6000061035156,689970.0
2022-05-30,226.8562164306641,230.0,230.0,223.8000030517578,224.0,1467394.0
2022-05-31,230.0124664306641,233.1999969482422,233.1999969482422,224.6000061035156,231.0,3721617.0
2022-06-01,225.672607421875,228.8000030517578,234.0,226.3999938964844,233.0,553665.0
2022-06-02,221.530029296875,224.6000061035156,229.1999969482422,222.0,229.0,377246.0
2022-06-05,217.979232788086,221.0,224.6000061035156,220.1999969482422,224.6000061035156,166738.0
2022-06-06,220.938217163086,224.0,225.0,220.8000030517578,221.0,302126.0
2022-06-07,215.21749877929688,218.1999969482422,222.8000030517578,216.8000030517578,222.6000061035156,563483.0
2022-06-08,205.15692138671875,208.0,218.1999969482422,206.6000061035156,218.1999969482422,594085.0
2022-06-09,211.4694366455078,214.3999938964844,214.3999938964844,206.0,207.0,492785.0
2022-06-12,206.34051513671875,209.1999969482422,214.0,209.0,214.0,138397.0
2022-06-13,205.94598388671875,208.8000030517578,213.8000030517578,204.0,210.0,463039.0
2022-06-14,197.06900024414065,199.8000030517578,210.1999969482422,195.8000030517578,205.8000030517578,633248.0
2022-06-15,198.64712524414065,201.3999938964844,204.3999938964844,199.6000061035156,201.0,280534.0
2022-06-16,195.29360961914065,198.0,203.8000030517578,192.0,201.3999938964844,1726567.0
2022-06-19,184.2467041015625,186.8000030517578,194.0,186.0,193.0,286579.0
2022-06-20,171.6216583251953,174.0,188.0,173.1999969482422,185.1999969482422,701025.0
2022-06-21,178.52597045898438,181.0,184.1999969482422,175.39999389648438,175.39999389648438,1289127.0
2022-06-22,168.46539306640625,170.8000030517578,180.0,169.60000610351562,180.0,568430.0
2022-06-23,166.69000244140625,169.0,177.0,167.0,171.0,447175.0
2022-06-26,168.66265869140625,171.0,176.0,170.1999969482422,176.0,307613.0
2022-06-27,172.6079864501953,175.0,175.39999389648438,169.0,171.39999389648438,364500.0
2022-06-28,176.35604858398438,178.8000030517578,179.0,173.60000610351562,175.0,702780.0
2022-06-29,181.48497009277344,184.0,185.0,177.1999969482422,178.60000610351562,503815.0
2022-06-30,186.4166259765625,189.0,191.6000061035156,183.1999969482422,184.0,513572.0
2022-07-03,190.9537506103516,193.6000061035156,194.3999938964844,189.6000061035156,189.6000061035156,298344.0
2022-07-04,195.09634399414065,197.8000030517578,199.6000061035156,187.8000030517578,193.0,429625.0
2022-07-05,190.3619537353516,193.0,200.0,193.0,199.0,217467.0
2022-07-06,190.1646881103516,192.8000030517578,192.8000030517578,185.8000030517578,189.1999969482422,242635.0
2022-07-13,194.30728149414065,197.0,197.3999938964844,191.0,192.8000030517578,262078.0
2022-07-14,190.3619537353516,193.0,196.6000061035156,187.8000030517578,196.3999938964844,179520.0
2022-07-17,190.7564697265625,193.3999938964844,196.8000030517578,193.0,194.8000030517578,156728.0
2022-07-18,192.7291412353516,195.3999938964844,195.3999938964844,191.8000030517578,194.0,175343.0
2022-07-19,197.26626586914065,200.0,201.0,193.8000030517578,195.1999969482422,451164.0
2022-07-20,197.06900024414065,199.8000030517578,205.8000030517578,196.1999969482422,202.0,372501.0
2022-07-21,197.66079711914065,200.3999938964844,203.3999938964844,199.0,200.3999938964844,274170.0
2022-07-24,201.2115936279297,204.0,206.3999938964844,200.6000061035156,201.0,310471.0
2022-07-25,195.29360961914065,198.0,204.3999938964844,197.6000061035156,203.1999969482422,201580.0
2022-07-26,201.6061248779297,204.3999938964844,207.1999969482422,200.0,200.0,456954.0
2022-07-27,210.0885772705078,213.0,222.8000030517578,204.6000061035156,205.3999938964844,1079604.0
2022-07-28,217.979232788086,221.0,221.3999938964844,214.0,214.0,519331.0
2022-07-31,221.530029296875,224.6000061035156,226.3999938964844,223.0,223.0,271975.0
2022-08-01,218.37374877929688,221.3999938964844,224.1999969482422,219.8000030517578,224.1999969482422,331458.0
2022-08-02,215.612045288086,218.6000061035156,221.3999938964844,215.0,221.3999938964844,354520.0
2022-08-03,216.99288940429688,220.0,220.0,215.3999938964844,216.0,330113.0
2022-08-04,213.63937377929688,216.6000061035156,220.0,216.6000061035156,220.0,197688.0
2022-08-07,212.0612335205078,215.0,218.0,213.6000061035156,217.1999969482422,116887.0
2022-08-08,211.86398315429688,214.8000030517578,216.8000030517578,213.6000061035156,215.1999969482422,77489.0
2022-08-09,212.65304565429688,215.6000061035156,219.0,213.6000061035156,213.6000061035156,175083.0
2022-08-10,217.584701538086,220.6000061035156,220.6000061035156,215.3999938964844,215.3999938964844,242877.0
2022-08-11,215.02023315429688,218.0,221.6000061035156,217.6000061035156,220.8000030517578,147804.0
2022-08-14,211.4694366455078,214.3999938964844,216.1999969482422,213.0,216.0,135099.0
2022-08-15,213.04757690429688,216.0,216.6000061035156,213.0,213.0,160829.0
2022-08-16,212.0612335205078,215.0,216.6000061035156,214.0,216.1999969482422,190467.0
2022-08-17,216.00656127929688,219.0,221.0,215.1999969482422,216.0,439033.0
2022-08-18,216.00656127929688,219.0,222.6000061035156,218.3999938964844,219.0,539175.0
2022-08-21,216.00656127929688,219.0,219.0,219.0,219.0,0.0
2022-08-22,224.883544921875,228.0,228.0,222.3999938964844,225.1999969482422,494717.0
2022-08-23,219.360092163086,222.3999938964844,233.3999938964844,222.3999938964844,228.0,620227.0
2022-08-24,217.584701538086,220.6000061035156,224.0,218.0,222.0,420467.0
2022-08-25,218.571029663086,221.6000061035156,223.8000030517578,220.8000030517578,220.8000030517578,150210.0
2022-08-28,217.979232788086,221.0,222.8000030517578,218.0,219.0,119897.0
2022-08-29,218.37374877929688,221.3999938964844,225.0,220.3999938964844,220.3999938964844,168716.0
2022-08-30,220.938217163086,224.0,228.1999969482422,221.1999969482422,221.1999969482422,425103.0
2022-08-31,224.489013671875,227.6000061035156,227.6000061035156,221.1999969482422,224.8000030517578,313353.0
2022-09-01,234.74685668945312,238.0,246.1999969482422,224.3999938964844,226.8000030517578,1470651.0
2022-09-04,239.8757781982422,243.1999969482422,245.0,239.0,239.0,517714.0
2022-09-05,226.8562164306641,230.0,242.1999969482422,230.0,242.1999969482422,735241.0
2022-09-06,223.108154296875,226.1999969482422,235.8000030517578,226.0,230.0,451019.0
2022-09-07,217.781967163086,220.8000030517578,227.3999938964844,220.0,226.0,321487.0
2022-09-08,218.37374877929688,221.3999938964844,225.1999969482422,217.3999938964844,221.3999938964844,336535.0
2022-09-11,220.149154663086,223.1999969482422,225.8000030517578,222.8000030517578,223.8000030517578,153305.0
2022-09-12,219.162826538086,222.1999969482422,226.0,220.1999969482422,223.1999969482422,154650.0
2022-09-13,215.612045288086,218.6000061035156,226.6000061035156,218.6000061035156,222.1999969482422,454954.0
2022-09-14,211.86398315429688,214.8000030517578,217.0,213.0,215.0,358198.0
2022-09-15,216.795639038086,219.8000030517578,219.8000030517578,213.3999938964844,215.3999938964844,402551.0
2022-09-18,202.1979217529297,205.0,216.0,202.3999938964844,215.8000030517578,558115.0
2022-09-19,196.08267211914065,198.8000030517578,204.8000030517578,192.8000030517578,202.1999969482422,699850.0
2022-09-20,200.6197967529297,203.3999938964844,204.8000030517578,200.0,200.0,456522.0
2022-09-21,195.6881256103516,198.3999938964844,203.3999938964844,196.3999938964844,203.3999938964844,226353.0
2022-09-25,191.5455474853516,194.1999969482422,196.8000030517578,190.1999969482422,190.1999969482422,338511.0
2022-09-26,192.3346099853516,195.0,198.3999938964844,194.0,195.3999938964844,385871.0
2022-09-27,199.43618774414065,202.1999969482422,203.3999938964844,196.1999969482422,196.1999969482422,292573.0
2022-09-28,199.43618774414065,202.1999969482422,205.3999938964844,199.8000030517578,204.0,350869.0
2022-09-29,198.64712524414065,201.3999938964844,206.8000030517578,201.3999938964844,202.8000030517578,280964.0
2022-10-02,199.0416717529297,201.8000030517578,203.6000061035156,200.0,202.0,146289.0
2022-10-03,201.80340576171875,204.6000061035156,206.6000061035156,201.8000030517578,201.8000030517578,274390.0
2022-10-04,201.80340576171875,204.6000061035156,204.6000061035156,204.6000061035156,204.6000061035156,0.0
2022-10-05,209.49676513671875,212.3999938964844,218.8000030517578,211.0,217.0,295647.0
2022-10-06,209.2995147705078,212.1999969482422,215.0,211.3999938964844,214.8000030517578,154568.0
2022-10-09,204.36785888671875,207.1999969482422,212.0,207.1999969482422,212.0,123737.0
2022-10-10,206.34051513671875,209.1999969482422,209.1999969482422,205.0,207.0,80218.0
2022-10-11,206.53778076171875,209.3999938964844,211.6000061035156,207.3999938964844,209.0,172349.0
2022-10-12,204.5651092529297,207.3999938964844,210.3999938964844,207.3999938964844,208.6000061035156,124370.0
2022-10-13,198.44985961914065,201.1999969482422,208.8000030517578,201.1999969482422,207.8000030517578,221486.0
2022-10-16,198.44985961914065,201.1999969482422,203.8000030517578,200.8000030517578,201.6000061035156,95621.0
2022-10-17,203.1842498779297,206.0,206.8000030517578,201.0,201.1999969482422,289822.0
2022-10-18,210.0885772705078,213.0,213.8000030517578,207.8000030517578,207.8000030517578,537022.0
2022-10-19,212.0612335205078,215.0,216.0,213.1999969482422,214.8000030517578,289692.0
2022-10-20,218.768295288086,221.8000030517578,222.0,214.6000061035156,215.0,445941.0
2022-10-23,221.530029296875,224.6000061035156,225.6000061035156,222.0,222.3999938964844,233936.0
2022-10-24,227.8425445556641,231.0,233.0,223.0,224.3999938964844,547354.0
2022-10-25,224.291748046875,227.3999938964844,238.1999969482422,225.8000030517578,233.0,480247.0
2022-10-26,219.557357788086,222.6000061035156,230.1999969482422,221.0,227.3999938964844,186734.0
2022-10-27,219.951889038086,223.0,226.6000061035156,220.0,222.6000061035156,125051.0
2022-10-30,215.02023315429688,218.0,220.0,211.0,211.0,155121.0
2022-10-31,215.02023315429688,218.0,218.0,218.0,218.0,0.0
2022-11-01,219.951889038086,223.0,223.0,212.8000030517578,216.3999938964844,298730.0
2022-11-02,213.63937377929688,216.6000061035156,225.0,214.8000030517578,225.0,184216.0
2022-11-03,215.612045288086,218.6000061035156,220.8000030517578,216.0,217.8000030517578,103132.0
2022-11-06,216.598373413086,219.6000061035156,225.8000030517578,218.6000061035156,225.8000030517578,146120.0
2022-11-07,216.795639038086,219.8000030517578,219.8000030517578,215.0,219.8000030517578,122647.0
2022-11-08,211.0749053955078,214.0,221.0,210.0,217.1999969482422,302395.0
2022-11-09,206.93231201171875,209.8000030517578,214.0,206.8000030517578,214.0,233716.0
2022-11-10,206.7350616455078,209.6000061035156,209.6000061035156,205.1999969482422,207.0,188232.0
2022-11-13,186.2193603515625,188.8000030517578,196.0,188.8000030517578,196.0,13945501.0
2022-11-14,174.7779083251953,177.1999969482422,185.0,174.1999969482422,183.0,2379469.0
2022-11-15,177.73690795898438,180.1999969482422,182.6000061035156,175.0,177.60000610351562,1825597.0
2022-11-16,175.7642364501953,178.1999969482422,182.1999969482422,177.0,179.8000030517578,492992.0
2022-11-17,169.64898681640625,172.0,178.8000030517578,172.0,178.0,814622.0
2022-11-20,165.7036590576172,168.0,173.0,168.0,172.1999969482422,403732.0
2022-11-21,158.20753479003906,160.39999389648438,168.0,158.8000030517578,168.0,1445365.0
2022-11-22,167.28179931640625,169.60000610351562,170.0,160.8000030517578,162.0,854791.0
2022-11-24,160.77200317382812,163.0,171.60000610351562,163.0,171.60000610351562,502482.0
2022-11-27,162.9419403076172,165.1999969482422,165.1999969482422,160.1999969482422,164.0,221011.0
2022-11-28,162.7446746826172,165.0,166.1999969482422,163.0,164.0,271119.0
2022-11-29,159.78567504882812,162.0,166.1999969482422,162.0,164.8000030517578,430112.0
2022-11-30,159.78567504882812,162.0,162.0,162.0,162.0,0.0
2022-12-01,159.78567504882812,162.0,162.0,162.0,162.0,0.0
2022-12-04,164.1255340576172,166.39999389648438,170.8000030517578,166.1999969482422,170.8000030517578,146739.0
2022-12-05,160.77200317382812,163.0,168.60000610351562,163.0,167.1999969482422,350585.0
2022-12-06,161.95559692382812,164.1999969482422,164.8000030517578,160.8000030517578,162.60000610351562,212724.0
2022-12-07,155.24855041503906,157.39999389648438,165.0,157.39999389648438,165.0,399952.0
2022-12-08,148.14695739746094,150.1999969482422,158.8000030517578,149.1999969482422,158.39999389648438,984321.0
2022-12-11,150.11962890625,152.1999969482422,157.8000030517578,149.1999969482422,150.0,615663.0
2022-12-12,150.71142578125,152.8000030517578,153.60000610351562,151.0,152.0,487751.0
2022-12-13,157.81301879882812,160.0,162.0,154.1999969482422,154.1999969482422,419822.0
2022-12-14,167.47906494140625,169.8000030517578,171.0,159.8000030517578,160.0,716815.0
2022-12-15,172.8052520751953,175.1999969482422,176.0,168.0,169.60000610351562,769056.0
2022-12-18,174.5806427001953,177.0,179.0,175.1999969482422,176.0,408847.0
2022-12-19,175.56698608398438,178.0,179.0,175.60000610351562,176.8000030517578,503659.0
2022-12-20,171.6216583251953,174.0,176.1999969482422,173.8000030517578,175.1999969482422,637960.0
2022-12-21,173.5943145751953,176.0,177.0,174.0,174.0,221317.0
2022-12-22,172.8052520751953,175.1999969482422,178.0,175.1999969482422,176.1999969482422,265680.0
2022-12-25,173.7915802001953,176.1999969482422,177.39999389648438,175.0,175.1999969482422,108592.0
2022-12-26,174.5806427001953,177.0,178.60000610351562,176.0,176.1999969482422,117531.0
2022-12-27,177.53964233398438,180.0,181.0,176.1999969482422,176.1999969482422,447576.0
2022-12-28,180.6958923339844,183.1999969482422,183.8000030517578,180.0,181.0,444176.0
2022-12-29,178.52597045898438,181.0,182.1999969482422,180.8000030517578,181.0,184532.0
2023-01-01,180.6958923339844,183.1999969482422,183.6000061035156,181.8000030517578,182.0,120314.0
2023-01-02,181.28770446777344,183.8000030517578,184.6000061035156,181.3999938964844,183.0,260786.0
2023-01-03,181.28770446777344,183.8000030517578,183.8000030517578,183.8000030517578,183.8000030517578,0.0
2023-01-04,177.73690795898438,180.1999969482422,187.1999969482422,178.60000610351562,184.0,592986.0
2023-01-05,175.56698608398438,178.0,181.3999938964844,178.0,180.1999969482422,195006.0
2023-01-08,177.53964233398438,180.0,180.0,178.0,178.0,105459.0
2023-01-09,177.53964233398438,180.0,183.1999969482422,179.8000030517578,180.0,265382.0
2023-01-10,182.47129821777344,185.0,187.6000061035156,180.0,180.0,442904.0
2023-01-11,181.48497009277344,184.0,187.8000030517578,183.1999969482422,185.0,320280.0
2023-01-12,178.92050170898438,181.3999938964844,184.6000061035156,180.0,183.1999969482422,227960.0
2023-01-15,178.92050170898438,181.3999938964844,181.3999938964844,181.3999938964844,181.3999938964844,0.0
2023-01-16,178.13143920898438,180.6000061035156,181.6000061035156,177.8000030517578,178.0,102878.0
2023-01-17,173.1997833251953,175.60000610351562,180.3999938964844,174.1999969482422,180.3999938964844,438480.0
2023-01-18,173.1997833251953,175.60000610351562,180.3999938964844,174.1999969482422,180.3999938964844,438480.0
2023-01-19,164.7173309326172,167.0,170.8000030517578,167.0,170.0,379917.0
2023-01-22,164.7173309326172,167.0,167.0,167.0,167.0,0.0
2023-01-23,164.32281494140625,166.60000610351562,169.0,163.1999969482422,168.60000610351562,376782.0
2023-01-24,168.85992431640625,171.1999969482422,172.1999969482422,166.60000610351562,166.8000030517578,465102.0
2023-01-25,168.85992431640625,171.1999969482422,172.8000030517578,169.8000030517578,171.60000610351562,228904.0
2023-01-26,165.50640869140625,167.8000030517578,172.0,167.60000610351562,171.1999969482422,311440.0
2023-01-29,162.7446746826172,165.0,168.39999389648438,164.8000030517578,168.0,212390.0
2023-01-30,162.3501434326172,164.60000610351562,167.1999969482422,164.39999389648438,165.1999969482422,229361.0
2023-01-31,159.78567504882812,162.0,164.60000610351562,159.1999969482422,164.60000610351562,661053.0
2023-02-01,159.98294067382812,162.1999969482422,164.0,161.0,162.0,298526.0
2023-02-02,158.79934692382812,161.0,163.1999969482422,160.60000610351562,162.8000030517578,126303.0
2023-02-05,158.40481567382812,160.60000610351562,162.0,159.1999969482422,160.8000030517578,89100.0
2023-02-06,160.3774871826172,162.60000610351562,163.1999969482422,158.1999969482422,160.39999389648438,240431.0
2023-02-07,159.98294067382812,162.1999969482422,166.1999969482422,161.60000610351562,163.0,269093.0
2023-02-08,158.40481567382812,160.60000610351562,164.0,159.60000610351562,162.1999969482422,266967.0
2023-02-09,158.79934692382812,161.0,161.39999389648438,159.8000030517578,160.1999969482422,153000.0
2023-02-12,158.79934692382812,161.0,161.0,161.0,161.0,0.0
2023-02-13,159.58840942382812,161.8000030517578,163.0,161.8000030517578,162.0,225508.0
2023-02-14,161.7583465576172,164.0,164.39999389648438,161.8000030517578,162.39999389648438,286731.0
2023-02-15,162.5474090576172,164.8000030517578,166.1999969482422,163.60000610351562,164.0,312063.0
2023-02-16,159.19387817382812,161.39999389648438,164.8000030517578,161.1999969482422,164.8000030517578,317330.0
2023-02-19,157.81301879882812,160.0,162.1999969482422,159.8000030517578,162.0,120478.0
2023-02-20,153.86769104003906,156.0,160.60000610351562,155.8000030517578,160.0,234701.0
2023-02-21,151.30322265625,153.39999389648438,156.0,151.60000610351562,156.0,229432.0
2023-02-23,155.44583129882812,157.60000610351562,157.60000610351562,152.60000610351562,153.0,211330.0
2023-02-26,148.14695739746094,150.1999969482422,156.8000030517578,150.1999969482422,156.8000030517578,270619.0
2023-02-27,137.88912963867188,139.8000030517578,150.1999969482422,138.39999389648438,150.0,1243400.0
2023-02-28,140.84811401367188,142.8000030517578,143.8000030517578,138.8000030517578,139.8000030517578,723584.0
2023-03-01,139.4672393798828,141.39999389648438,144.1999969482422,140.0,143.0,158.0
2023-03-02,140.45358276367188,142.39999389648438,144.8000030517578,142.0,142.0,600.0
2023-03-05,142.03170776367188,144.0,144.39999389648438,142.60000610351562,144.39999389648438,131.0
2023-03-06,142.03170776367188,144.0,144.0,144.0,144.0,0.0
2023-03-07,142.03170776367188,144.0,144.0,144.0,144.0,0.0
2023-03-08,140.05905151367188,142.0,142.0,140.0,141.8000030517578,161.0
2023-03-09,140.05905151367188,142.0,142.0,142.0,142.0,0.0
2023-03-12,140.05905151367188,142.0,142.0,142.0,142.0,0.0
2023-03-13,140.05905151367188,142.0,142.0,142.0,142.0,0.0
2023-03-14,139.07272338867188,141.0,146.0,141.0,142.0,530.0
2023-03-15,134.3383331298828,136.1999969482422,141.8000030517578,134.8000030517578,139.8000030517578,400.0
2023-03-16,134.1410675048828,136.0,138.1999969482422,135.0,136.1999969482422,301.0
2023-03-19,134.1410675048828,136.0,136.0,136.0,136.0,0.0
2023-03-20,136.9027862548828,138.8000030517578,140.0,136.60000610351562,137.0,212.0
2023-03-21,139.66452026367188,141.60000610351562,141.60000610351562,138.8000030517578,138.8000030517578,108.0
2023-03-22,137.88912963867188,139.8000030517578,145.0,139.1999969482422,141.8000030517578,360.0
2023-03-23,138.87545776367188,140.8000030517578,141.60000610351562,139.0,139.60000610351562,3629.0
2023-03-26,138.87545776367188,140.8000030517578,140.8000030517578,140.8000030517578,140.8000030517578,0.0
2023-03-27,138.87545776367188,140.8000030517578,140.8000030517578,140.8000030517578,140.8000030517578,0.0
2023-03-28,138.87545776367188,140.8000030517578,140.8000030517578,140.8000030517578,140.8000030517578,0.0
2023-03-29,138.87545776367188,140.8000030517578,140.8000030517578,140.8000030517578,140.8000030517578,0.0
2023-03-30,142.42623901367188,144.39999389648438,146.39999389648438,143.60000610351562,143.8000030517578,741.0
2023-04-02,142.42623901367188,144.39999389648438,144.39999389648438,144.39999389648438,144.39999389648438,0.0
2023-04-03,155.64308166503906,157.8000030517578,160.39999389648438,154.0,154.0,194.0
2023-04-04,156.23487854003906,158.39999389648438,160.39999389648438,157.0,157.8000030517578,200.0
2023-04-05,155.05128479003906,157.1999969482422,159.1999969482422,156.0,158.8000030517578,100.0
2023-04-06,154.45948791503906,156.60000610351562,157.60000610351562,155.8000030517578,157.1999969482422,100.0
2023-04-09,158.79934692382812,161.0,162.0,156.0,156.0,1000.0
2023-04-10,156.43215942382812,158.60000610351562,162.0,158.60000610351562,162.0,200.0
2023-04-11,152.88136291503906,155.0,158.60000610351562,153.8000030517578,158.60000610351562,170.0
2023-04-12,154.06495666503906,156.1999969482422,157.60000610351562,154.0,155.0,200.0
2023-04-13,157.81301879882812,160.0,160.0,154.8000030517578,157.0,250.0
2023-04-16,161.3638153076172,163.60000610351562,163.60000610351562,157.39999389648438,158.8000030517578,100.0
2023-04-17,165.50640869140625,167.8000030517578,170.0,162.8000030517578,163.0,200.0
2023-04-25,164.7173309326172,167.0,172.0,166.39999389648438,170.0,200.0
2023-04-26,167.28179931640625,169.60000610351562,170.39999389648438,167.1999969482422,167.8000030517578,610.0
2023-04-27,164.9145965576172,167.1999969482422,169.60000610351562,166.8000030517578,169.60000610351562,116.0
2023-04-30,164.9145965576172,167.1999969482422,167.1999969482422,167.1999969482422,167.1999969482422,0.0
2023-05-01,164.9145965576172,167.1999969482422,167.1999969482422,167.1999969482422,167.1999969482422,0.0
2023-05-02,163.3364715576172,165.60000610351562,169.8000030517578,165.60000610351562,167.1999969482422,183.0
2023-05-03,162.15286254882812,164.39999389648438,167.0,162.60000610351562,165.60000610351562,166.0
2023-05-04,162.3501434326172,164.60000610351562,167.0,163.39999389648438,163.8000030517578,199.0
2023-05-07,165.9009246826172,168.1999969482422,169.8000030517578,165.0,165.0,124.0
2023-05-08,166.29547119140625,168.60000610351562,170.0,168.0,168.8000030517578,100.0
2023-05-09,166.8872528076172,169.1999969482422,170.0,167.8000030517578,170.0,200.0
2023-05-10,166.69000244140625,169.0,171.0,167.8000030517578,169.1999969482422,250.0
2023-05-11,170.8000030517578,170.8000030517578,171.0,167.60000610351562,168.39999389648438,295.0
2023-05-14,169.8000030517578,169.8000030517578,171.8000030517578,168.39999389648438,171.1999969482422,100.0
2023-05-15,169.39999389648438,169.39999389648438,170.1999969482422,167.8000030517578,170.0,300.0
2023-05-16,168.1999969482422,168.1999969482422,170.60000610351562,168.0,168.1999969482422,1565.0
2023-05-17,169.1999969482422,169.1999969482422,169.39999389648438,167.60000610351562,168.0,239.0
2023-05-18,170.0,170.0,173.39999389648438,169.39999389648438,169.39999389648438,200.0
2023-05-21,169.1999969482422,169.1999969482422,171.1999969482422,168.8000030517578,170.60000610351562,147.0
2023-05-22,168.8000030517578,168.8000030517578,169.1999969482422,167.60000610351562,169.0,100.0
2023-05-23,166.60000610351562,166.60000610351562,169.39999389648438,166.60000610351562,168.8000030517578,389.0
2023-05-24,165.0,165.0,166.60000610351562,164.0,166.60000610351562,101.0
2023-05-25,162.60000610351562,162.60000610351562,165.0,162.60000610351562,165.0,3231.0
2023-05-28,160.8000030517578,160.8000030517578,163.8000030517578,160.39999389648438,163.0,281.0
2023-05-29,161.1999969482422,161.1999969482422,162.0,160.0,161.0,100.0
2023-05-30,164.1999969482422,164.1999969482422,165.1999969482422,161.1999969482422,161.39999389648438,143.0
2023-05-31,160.1999969482422,160.1999969482422,164.0,160.1999969482422,164.0,200.0
2023-06-01,161.1999969482422,161.1999969482422,162.1999969482422,160.0,161.0,2000.0
2023-06-04,164.8000030517578,164.8000030517578,165.1999969482422,161.8000030517578,162.60000610351562,250.0
2023-06-05,165.8000030517578,165.8000030517578,166.8000030517578,163.60000610351562,163.8000030517578,200.0
2023-06-06,166.8000030517578,166.8000030517578,168.39999389648438,165.1999969482422,165.8000030517578,129.0
2023-06-07,168.39999389648438,168.39999389648438,169.0,167.1999969482422,168.0,94.0
2023-06-08,168.39999389648438,168.39999389648438,168.39999389648438,168.39999389648438,168.39999389648438,0.0
2023-06-11,169.8000030517578,169.8000030517578,169.8000030517578,166.60000610351562,167.0,500.0
2023-06-12,177.0,177.0,177.0,167.8000030517578,169.8000030517578,157.0
2023-06-13,179.39999389648438,179.39999389648438,184.6000061035156,175.60000610351562,178.39999389648438,1500.0
2023-06-14,192.8000030517578,192.8000030517578,194.1999969482422,179.39999389648438,179.39999389648438,270.0
2023-06-15,192.0,192.0,196.6000061035156,191.0,193.0,642.0
2023-06-18,200.0,200.0,200.8000030517578,192.0,192.3999938964844,250.0
2023-06-19,191.1999969482422,191.1999969482422,204.6000061035156,189.8000030517578,202.0,690430.0
2023-06-20,192.6000061035156,192.6000061035156,195.3999938964844,188.3999938964844,190.0,358767.0
2023-06-21,192.6000061035156,192.6000061035156,193.6000061035156,190.6000061035156,192.6000061035156,115794.0
2023-06-22,188.1999969482422,188.1999969482422,193.3999938964844,188.1999969482422,191.3999938964844,244040.0
