Date,Adj Close.133,Close.133,High.133,Low.133,Open.133,Volume.133
2018-07-01,,,,,,
2018-07-02,,,,,,
2018-07-03,,,,,,
2018-07-04,,,,,,
2018-07-05,,,,,,
2018-07-08,,,,,,
2018-07-09,,,,,,
2018-07-10,,,,,,
2018-07-11,,,,,,
2018-07-12,,,,,,
2018-07-15,,,,,,
2018-07-16,,,,,,
2018-07-17,,,,,,
2018-07-18,,,,,,
2018-07-19,,,,,,
2018-07-22,,,,,,
2018-07-23,,,,,,
2018-07-24,,,,,,
2018-07-25,,,,,,
2018-07-26,,,,,,
2018-07-29,,,,,,
2018-07-30,,,,,,
2018-07-31,,,,,,
2018-08-01,,,,,,
2018-08-02,,,,,,
2018-08-05,,,,,,
2018-08-06,,,,,,
2018-08-07,,,,,,
2018-08-08,,,,,,
2018-08-09,,,,,,
2018-08-12,,,,,,
2018-08-13,,,,,,
2018-08-14,,,,,,
2018-08-15,,,,,,
2018-08-16,,,,,,
2018-08-19,,,,,,
2018-08-20,,,,,,
2018-08-21,,,,,,
2018-08-22,,,,,,
2018-08-23,,,,,,
2018-08-26,,,,,,
2018-08-27,,,,,,
2018-08-28,,,,,,
2018-08-29,,,,,,
2018-08-30,,,,,,
2018-09-02,,,,,,
2018-09-03,,,,,,
2018-09-04,,,,,,
2018-09-05,,,,,,
2018-09-06,,,,,,
2018-09-09,,,,,,
2018-09-10,,,,,,
2018-09-11,,,,,,
2018-09-12,,,,,,
2018-09-13,,,,,,
2018-09-16,,,,,,
2018-09-17,,,,,,
2018-09-18,,,,,,
2018-09-19,,,,,,
2018-09-20,,,,,,
2018-09-23,,,,,,
2018-09-24,,,,,,
2018-09-25,,,,,,
2018-09-26,,,,,,
2018-09-27,,,,,,
2018-09-30,,,,,,
2018-10-01,,,,,,
2018-10-02,,,,,,
2018-10-03,,,,,,
2018-10-04,,,,,,
2018-10-07,,,,,,
2018-10-08,,,,,,
2018-10-09,,,,,,
2018-10-10,,,,,,
2018-10-11,,,,,,
2018-10-14,,,,,,
2018-10-15,,,,,,
2018-10-16,,,,,,
2018-10-17,,,,,,
2018-10-18,,,,,,
2018-10-21,,,,,,
2018-10-22,,,,,,
2018-10-23,,,,,,
2018-10-24,,,,,,
2018-10-25,,,,,,
2018-10-28,,,,,,
2018-10-29,,,,,,
2018-10-30,,,,,,
2018-10-31,,,,,,
2018-11-01,,,,,,
2018-11-04,,,,,,
2018-11-05,,,,,,
2018-11-06,,,,,,
2018-11-07,,,,,,
2018-11-08,,,,,,
2018-11-11,,,,,,
2018-11-12,,,,,,
2018-11-13,,,,,,
2018-11-14,,,,,,
2018-11-15,,,,,,
2018-11-18,,,,,,
2018-11-19,,,,,,
2018-11-20,,,,,,
2018-11-21,,,,,,
2018-11-22,,,,,,
2018-11-25,,,,,,
2018-11-26,,,,,,
2018-11-27,,,,,,
2018-11-28,,,,,,
2018-11-29,,,,,,
2018-12-02,,,,,,
2018-12-03,,,,,,
2018-12-04,,,,,,
2018-12-05,,,,,,
2018-12-06,,,,,,
2018-12-09,,,,,,
2018-12-10,,,,,,
2018-12-11,,,,,,
2018-12-12,,,,,,
2018-12-13,,,,,,
2018-12-16,,,,,,
2018-12-17,,,,,,
2018-12-18,,,,,,
2018-12-19,,,,,,
2018-12-20,,,,,,
2018-12-23,,,,,,
2018-12-24,,,,,,
2018-12-25,,,,,,
2018-12-26,,,,,,
2018-12-27,,,,,,
2018-12-30,,,,,,
2018-12-31,,,,,,
2019-01-01,,,,,,
2019-01-02,,,,,,
2019-01-03,,,,,,
2019-01-06,,,,,,
2019-01-07,,,,,,
2019-01-08,,,,,,
2019-01-09,,,,,,
2019-01-10,,,,,,
2019-01-13,,,,,,
2019-01-14,,,,,,
2019-01-15,,,,,,
2019-01-16,,,,,,
2019-01-17,,,,,,
2019-01-20,,,,,,
2019-01-21,,,,,,
2019-01-22,,,,,,
2019-01-23,,,,,,
2019-01-24,,,,,,
2019-01-27,,,,,,
2019-01-28,,,,,,
2019-01-29,,,,,,
2019-01-30,,,,,,
2019-01-31,,,,,,
2019-02-03,,,,,,
2019-02-04,,,,,,
2019-02-05,,,,,,
2019-02-06,,,,,,
2019-02-07,,,,,,
2019-02-10,,,,,,
2019-02-11,,,,,,
2019-02-12,,,,,,
2019-02-13,,,,,,
2019-02-14,,,,,,
2019-02-17,,,,,,
2019-02-18,,,,,,
2019-02-19,,,,,,
2019-02-20,,,,,,
2019-02-21,,,,,,
2019-02-24,,,,,,
2019-02-25,,,,,,
2019-02-26,,,,,,
2019-02-27,,,,,,
2019-02-28,,,,,,
2019-03-03,,,,,,
2019-03-04,,,,,,
2019-03-05,,,,,,
2019-03-06,,,,,,
2019-03-07,,,,,,
2019-03-10,,,,,,
2019-03-11,,,,,,
2019-03-12,,,,,,
2019-03-13,,,,,,
2019-03-14,,,,,,
2019-03-17,,,,,,
2019-03-18,,,,,,
2019-03-19,,,,,,
2019-03-20,,,,,,
2019-03-21,,,,,,
2019-03-24,,,,,,
2019-03-25,,,,,,
2019-03-26,,,,,,
2019-03-27,,,,,,
2019-03-28,,,,,,
2019-03-31,,,,,,
2019-04-01,,,,,,
2019-04-02,,,,,,
2019-04-03,,,,,,
2019-04-04,,,,,,
2019-04-07,,,,,,
2019-04-08,,,,,,
2019-04-09,,,,,,
2019-04-10,,,,,,
2019-04-11,,,,,,
2019-04-14,,,,,,
2019-04-15,,,,,,
2019-04-16,,,,,,
2019-04-17,,,,,,
2019-04-18,,,,,,
2019-04-21,,,,,,
2019-04-22,,,,,,
2019-04-23,,,,,,
2019-04-24,,,,,,
2019-04-25,,,,,,
2019-04-28,,,,,,
2019-04-29,,,,,,
2019-04-30,,,,,,
2019-05-01,,,,,,
2019-05-02,,,,,,
2019-05-05,,,,,,
2019-05-06,,,,,,
2019-05-07,,,,,,
2019-05-08,,,,,,
2019-05-09,,,,,,
2019-05-12,,,,,,
2019-05-13,,,,,,
2019-05-14,,,,,,
2019-05-15,,,,,,
2019-05-16,,,,,,
2019-05-19,,,,,,
2019-05-20,,,,,,
2019-05-21,,,,,,
2019-05-22,,,,,,
2019-05-23,,,,,,
2019-05-26,,,,,,
2019-05-27,,,,,,
2019-05-28,,,,,,
2019-05-29,,,,,,
2019-05-30,,,,,,
2019-06-02,,,,,,
2019-06-03,,,,,,
2019-06-04,,,,,,
2019-06-05,,,,,,
2019-06-06,,,,,,
2019-06-09,,,,,,
2019-06-10,,,,,,
2019-06-11,,,,,,
2019-06-12,,,,,,
2019-06-13,,,,,,
2019-06-16,,,,,,
2019-06-17,,,,,,
2019-06-18,,,,,,
2019-06-19,,,,,,
2019-06-20,,,,,,
2019-06-23,,,,,,
2019-06-24,,,,,,
2019-06-25,,,,,,
2019-06-26,,,,,,
2019-06-27,,,,,,
2019-06-30,,,,,,
2019-07-01,,,,,,
2019-07-02,,,,,,
2019-07-03,,,,,,
2019-07-04,,,,,,
2019-07-07,,,,,,
2019-07-08,,,,,,
2019-07-09,,,,,,
2019-07-10,,,,,,
2019-07-11,,,,,,
2019-07-14,,,,,,
2019-07-15,,,,,,
2019-07-16,,,,,,
2019-07-17,,,,,,
2019-07-18,,,,,,
2019-07-21,,,,,,
2019-07-22,,,,,,
2019-07-23,,,,,,
2019-07-24,,,,,,
2019-07-25,,,,,,
2019-07-28,,,,,,
2019-07-29,,,,,,
2019-07-30,,,,,,
2019-07-31,,,,,,
2019-08-01,,,,,,
2019-08-04,,,,,,
2019-08-05,,,,,,
2019-08-06,,,,,,
2019-08-07,,,,,,
2019-08-08,,,,,,
2019-08-11,,,,,,
2019-08-12,,,,,,
2019-08-13,,,,,,
2019-08-14,,,,,,
2019-08-15,,,,,,
2019-08-18,,,,,,
2019-08-19,,,,,,
2019-08-20,,,,,,
2019-08-21,,,,,,
2019-08-22,,,,,,
2019-08-25,,,,,,
2019-08-26,,,,,,
2019-08-27,,,,,,
2019-08-28,,,,,,
2019-08-29,,,,,,
2019-09-01,,,,,,
2019-09-02,,,,,,
2019-09-03,,,,,,
2019-09-04,,,,,,
2019-09-05,,,,,,
2019-09-08,,,,,,
2019-09-09,,,,,,
2019-09-10,,,,,,
2019-09-11,,,,,,
2019-09-12,,,,,,
2019-09-15,,,,,,
2019-09-16,,,,,,
2019-09-17,,,,,,
2019-09-18,,,,,,
2019-09-19,,,,,,
2019-09-22,,,,,,
2019-09-24,,,,,,
2019-09-25,,,,,,
2019-09-26,,,,,,
2019-09-29,,,,,,
2019-09-30,,,,,,
2019-10-01,,,,,,
2019-10-02,,,,,,
2019-10-03,,,,,,
2019-10-06,,,,,,
2019-10-07,,,,,,
2019-10-08,,,,,,
2019-10-09,,,,,,
2019-10-10,,,,,,
2019-10-13,,,,,,
2019-10-14,,,,,,
2019-10-15,,,,,,
2019-10-16,,,,,,
2019-10-17,,,,,,
2019-10-20,,,,,,
2019-10-21,,,,,,
2019-10-22,,,,,,
2019-10-23,,,,,,
2019-10-24,,,,,,
2019-10-27,,,,,,
2019-10-28,,,,,,
2019-10-29,,,,,,
2019-10-30,,,,,,
2019-10-31,,,,,,
2019-11-03,,,,,,
2019-11-04,,,,,,
2019-11-05,,,,,,
2019-11-06,,,,,,
2019-11-07,,,,,,
2019-11-10,,,,,,
2019-11-11,,,,,,
2019-11-12,,,,,,
2019-11-13,,,,,,
2019-11-14,,,,,,
2019-11-17,,,,,,
2019-11-18,,,,,,
2019-11-19,,,,,,
2019-11-20,,,,,,
2019-11-21,,,,,,
2019-11-24,,,,,,
2019-11-25,,,,,,
2019-11-26,,,,,,
2019-11-27,,,,,,
2019-11-28,,,,,,
2019-12-01,,,,,,
2019-12-02,,,,,,
2019-12-03,,,,,,
2019-12-04,,,,,,
2019-12-05,,,,,,
2019-12-08,,,,,,
2019-12-09,,,,,,
2019-12-10,,,,,,
2019-12-11,,,,,,
2019-12-12,,,,,,
2019-12-15,,,,,,
2019-12-16,,,,,,
2019-12-17,,,,,,
2019-12-18,,,,,,
2019-12-19,,,,,,
2019-12-22,,,,,,
2019-12-23,,,,,,
2019-12-24,,,,,,
2019-12-25,,,,,,
2019-12-26,,,,,,
2019-12-29,,,,,,
2019-12-30,,,,,,
2019-12-31,,,,,,
2020-01-01,,,,,,
2020-01-02,,,,,,
2020-01-05,,,,,,
2020-01-06,,,,,,
2020-01-07,,,,,,
2020-01-08,,,,,,
2020-01-09,,,,,,
2020-01-12,,,,,,
2020-01-13,,,,,,
2020-01-14,,,,,,
2020-01-15,,,,,,
2020-01-16,,,,,,
2020-01-19,,,,,,
2020-01-20,,,,,,
2020-01-21,,,,,,
2020-01-22,,,,,,
2020-01-23,,,,,,
2020-01-26,,,,,,
2020-01-27,,,,,,
2020-01-28,,,,,,
2020-01-29,,,,,,
2020-01-30,,,,,,
2020-02-02,,,,,,
2020-02-03,,,,,,
2020-02-04,,,,,,
2020-02-05,,,,,,
2020-02-06,,,,,,
2020-02-09,,,,,,
2020-02-10,,,,,,
2020-02-11,,,,,,
2020-02-12,,,,,,
2020-02-13,,,,,,
2020-02-16,,,,,,
2020-02-17,,,,,,
2020-02-18,,,,,,
2020-02-19,,,,,,
2020-02-20,,,,,,
2020-02-23,,,,,,
2020-02-24,,,,,,
2020-02-25,,,,,,
2020-02-26,,,,,,
2020-02-27,,,,,,
2020-03-01,,,,,,
2020-03-02,,,,,,
2020-03-03,,,,,,
2020-03-04,,,,,,
2020-03-05,,,,,,
2020-03-08,,,,,,
2020-03-09,,,,,,
2020-03-10,,,,,,
2020-03-11,,,,,,
2020-03-12,,,,,,
2020-03-15,,,,,,
2020-03-16,,,,,,
2020-03-17,,,,,,
2020-03-18,,,,,,
2020-03-19,,,,,,
2020-03-22,,,,,,
2020-03-23,,,,,,
2020-03-24,,,,,,
2020-03-25,,,,,,
2020-03-26,,,,,,
2020-03-29,,,,,,
2020-03-30,,,,,,
2020-03-31,,,,,,
2020-04-01,,,,,,
2020-04-02,,,,,,
2020-04-05,,,,,,
2020-04-06,,,,,,
2020-04-07,,,,,,
2020-04-08,,,,,,
2020-04-09,,,,,,
2020-04-12,,,,,,
2020-04-13,,,,,,
2020-04-14,,,,,,
2020-04-15,,,,,,
2020-04-16,,,,,,
2020-04-19,,,,,,
2020-04-20,,,,,,
2020-04-21,,,,,,
2020-04-22,,,,,,
2020-04-23,,,,,,
2020-04-26,,,,,,
2020-04-27,,,,,,
2020-04-28,,,,,,
2020-04-29,,,,,,
2020-04-30,,,,,,
2020-05-03,,,,,,
2020-05-04,,,,,,
2020-05-05,,,,,,
2020-05-06,,,,,,
2020-05-07,,,,,,
2020-05-10,,,,,,
2020-05-11,,,,,,
2020-05-12,,,,,,
2020-05-13,,,,,,
2020-05-14,,,,,,
2020-05-17,,,,,,
2020-05-18,,,,,,
2020-05-19,,,,,,
2020-05-20,,,,,,
2020-05-21,,,,,,
2020-05-31,,,,,,
2020-06-01,,,,,,
2020-06-02,,,,,,
2020-06-03,,,,,,
2020-06-04,,,,,,
2020-06-07,,,,,,
2020-06-08,,,,,,
2020-06-09,,,,,,
2020-06-10,,,,,,
2020-06-11,,,,,,
2020-06-14,,,,,,
2020-06-15,,,,,,
2020-06-16,,,,,,
2020-06-17,,,,,,
2020-06-18,,,,,,
2020-06-21,,,,,,
2020-06-22,,,,,,
2020-06-23,,,,,,
2020-06-24,,,,,,
2020-06-25,,,,,,
2020-06-28,,,,,,
2020-06-29,,,,,,
2020-06-30,,,,,,
2020-07-01,,,,,,
2020-07-02,,,,,,
2020-07-05,,,,,,
2020-07-06,,,,,,
2020-07-07,,,,,,
2020-07-08,,,,,,
2020-07-09,,,,,,
2020-07-12,,,,,,
2020-07-13,,,,,,
2020-07-14,,,,,,
2020-07-15,,,,,,
2020-07-16,,,,,,
2020-07-19,,,,,,
2020-07-20,,,,,,
2020-07-21,,,,,,
2020-07-22,,,,,,
2020-07-23,,,,,,
2020-07-26,,,,,,
2020-07-27,,,,,,
2020-07-28,,,,,,
2020-08-05,,,,,,
2020-08-06,,,,,,
2020-08-09,,,,,,
2020-08-10,,,,,,
2020-08-11,,,,,,
2020-08-12,,,,,,
2020-08-13,,,,,,
2020-08-16,,,,,,
2020-08-17,,,,,,
2020-08-18,,,,,,
2020-08-19,,,,,,
2020-08-20,,,,,,
2020-08-23,,,,,,
2020-08-24,,,,,,
2020-08-25,,,,,,
2020-08-26,,,,,,
2020-08-27,,,,,,
2020-08-30,,,,,,
2020-08-31,,,,,,
2020-09-01,,,,,,
2020-09-02,,,,,,
2020-09-03,,,,,,
2020-09-06,,,,,,
2020-09-07,,,,,,
2020-09-08,,,,,,
2020-09-09,,,,,,
2020-09-10,,,,,,
2020-09-13,,,,,,
2020-09-14,,,,,,
2020-09-15,,,,,,
2020-09-16,,,,,,
2020-09-17,,,,,,
2020-09-20,,,,,,
2020-09-21,,,,,,
2020-09-22,,,,,,
2020-09-24,,,,,,
2020-09-27,,,,,,
2020-09-28,,,,,,
2020-09-29,,,,,,
2020-09-30,,,,,,
2020-10-01,,,,,,
2020-10-04,,,,,,
2020-10-05,,,,,,
2020-10-06,,,,,,
2020-10-07,,,,,,
2020-10-08,,,,,,
2020-10-11,,,,,,
2020-10-12,,,,,,
2020-10-13,,,,,,
2020-10-14,,,,,,
2020-10-15,,,,,,
2020-10-18,,,,,,
2020-10-19,,,,,,
2020-10-20,,,,,,
2020-10-21,,,,,,
2020-10-22,,,,,,
2020-10-25,,,,,,
2020-10-26,,,,,,
2020-10-27,,,,,,
2020-10-28,,,,,,
2020-10-29,,,,,,
2020-11-01,,,,,,
2020-11-02,,,,,,
2020-11-03,,,,,,
2020-11-04,,,,,,
2020-11-05,,,,,,
2020-11-08,,,,,,
2020-11-09,,,,,,
2020-11-10,,,,,,
2020-11-11,,,,,,
2020-11-12,,,,,,
2020-11-15,,,,,,
2020-11-16,,,,,,
2020-11-17,,,,,,
2020-11-18,,,,,,
2020-11-19,,,,,,
2020-11-22,,,,,,
2020-11-23,,,,,,
2020-11-24,,,,,,
2020-11-25,,,,,,
2020-11-26,,,,,,
2020-11-29,,,,,,
2020-11-30,,,,,,
2020-12-01,,,,,,
2020-12-02,,,,,,
2020-12-03,,,,,,
2020-12-06,,,,,,
2020-12-07,,,,,,
2020-12-08,,,,,,
2020-12-09,,,,,,
2020-12-10,,,,,,
2020-12-13,,,,,,
2020-12-14,,,,,,
2020-12-15,,,,,,
2020-12-16,,,,,,
2020-12-17,,,,,,
2020-12-20,,,,,,
2020-12-21,,,,,,
2020-12-22,,,,,,
2020-12-23,,,,,,
2020-12-24,,,,,,
2020-12-27,,,,,,
2020-12-28,,,,,,
2020-12-29,,,,,,
2020-12-30,,,,,,
2020-12-31,,,,,,
2021-01-03,,,,,,
2021-01-04,,,,,,
2021-01-05,,,,,,
2021-01-06,,,,,,
2021-01-07,,,,,,
2021-01-10,,,,,,
2021-01-11,,,,,,
2021-01-12,,,,,,
2021-01-13,,,,,,
2021-01-14,,,,,,
2021-01-17,,,,,,
2021-01-18,,,,,,
2021-01-19,,,,,,
2021-01-20,,,,,,
2021-01-21,,,,,,
2021-01-24,,,,,,
2021-01-25,,,,,,
2021-01-26,,,,,,
2021-01-27,,,,,,
2021-01-28,,,,,,
2021-01-31,,,,,,
2021-02-01,,,,,,
2021-02-02,,,,,,
2021-02-03,,,,,,
2021-02-04,,,,,,
2021-02-07,,,,,,
2021-02-08,,,,,,
2021-02-09,,,,,,
2021-02-10,,,,,,
2021-02-11,,,,,,
2021-02-14,,,,,,
2021-02-15,,,,,,
2021-02-16,,,,,,
2021-02-17,,,,,,
2021-02-18,,,,,,
2021-02-21,,,,,,
2021-02-22,,,,,,
2021-02-23,,,,,,
2021-02-24,,,,,,
2021-02-25,,,,,,
2021-02-28,,,,,,
2021-03-01,,,,,,
2021-03-02,,,,,,
2021-03-03,,,,,,
2021-03-04,,,,,,
2021-03-07,,,,,,
2021-03-08,,,,,,
2021-03-09,,,,,,
2021-03-10,,,,,,
2021-03-11,,,,,,
2021-03-14,,,,,,
2021-03-15,,,,,,
2021-03-16,,,,,,
2021-03-17,,,,,,
2021-03-18,,,,,,
2021-03-21,,,,,,
2021-03-22,,,,,,
2021-03-23,,,,,,
2021-03-24,,,,,,
2021-03-25,,,,,,
2021-03-28,,,,,,
2021-03-29,,,,,,
2021-03-30,,,,,,
2021-03-31,,,,,,
2021-04-01,,,,,,
2021-04-04,,,,,,
2021-04-05,,,,,,
2021-04-06,,,,,,
2021-04-07,,,,,,
2021-04-08,,,,,,
2021-04-11,,,,,,
2021-04-12,,,,,,
2021-04-13,,,,,,
2021-04-14,,,,,,
2021-04-15,,,,,,
2021-04-18,,,,,,
2021-04-19,,,,,,
2021-04-20,,,,,,
2021-04-21,,,,,,
2021-04-22,,,,,,
2021-04-25,,,,,,
2021-04-26,,,,,,
2021-04-27,,,,,,
2021-04-28,,,,,,
2021-04-29,,,,,,
2021-05-02,,,,,,
2021-05-03,,,,,,
2021-05-04,,,,,,
2021-05-05,,,,,,
2021-05-06,,,,,,
2021-05-09,,,,,,
2021-05-10,,,,,,
2021-05-17,,,,,,
2021-05-18,,,,,,
2021-05-19,,,,,,
2021-05-20,,,,,,
2021-05-23,,,,,,
2021-05-24,,,,,,
2021-05-25,,,,,,
2021-05-26,,,,,,
2021-05-27,,,,,,
2021-05-30,,,,,,
2021-05-31,,,,,,
2021-06-01,,,,,,
2021-06-02,,,,,,
2021-06-03,,,,,,
2021-06-06,,,,,,
2021-06-07,,,,,,
2021-06-08,,,,,,
2021-06-09,,,,,,
2021-06-10,,,,,,
2021-06-13,,,,,,
2021-06-14,,,,,,
2021-06-15,,,,,,
2021-06-16,,,,,,
2021-06-17,,,,,,
2021-06-20,,,,,,
2021-06-21,,,,,,
2021-06-22,,,,,,
2021-06-23,,,,,,
2021-06-24,,,,,,
2021-06-27,,,,,,
2021-06-28,,,,,,
2021-06-29,,,,,,
2021-06-30,,,,,,
2021-07-01,,,,,,
2021-07-04,,,,,,
2021-07-05,,,,,,
2021-07-06,,,,,,
2021-07-07,,,,,,
2021-07-08,,,,,,
2021-07-11,,,,,,
2021-07-12,,,,,,
2021-07-13,,,,,,
2021-07-14,,,,,,
2021-07-15,,,,,,
2021-07-25,,,,,,
2021-07-26,,,,,,
2021-07-27,,,,,,
2021-07-28,,,,,,
2021-07-29,,,,,,
2021-08-01,,,,,,
2021-08-02,,,,,,
2021-08-03,,,,,,
2021-08-04,,,,,,
2021-08-05,,,,,,
2021-08-08,,,,,,
2021-08-09,,,,,,
2021-08-10,,,,,,
2021-08-11,,,,,,
2021-08-12,,,,,,
2021-08-15,,,,,,
2021-08-16,,,,,,
2021-08-17,,,,,,
2021-08-18,,,,,,
2021-08-19,,,,,,
2021-08-22,,,,,,
2021-08-23,,,,,,
2021-08-24,,,,,,
2021-08-25,,,,,,
2021-08-26,,,,,,
2021-08-29,,,,,,
2021-08-30,,,,,,
2021-08-31,,,,,,
2021-09-01,,,,,,
2021-09-02,,,,,,
2021-09-05,,,,,,
2021-09-06,,,,,,
2021-09-07,,,,,,
2021-09-08,,,,,,
2021-09-09,,,,,,
2021-09-12,,,,,,
2021-09-13,,,,,,
2021-09-14,,,,,,
2021-09-15,,,,,,
2021-09-16,,,,,,
2021-09-19,,,,,,
2021-09-20,,,,,,
2021-09-21,,,,,,
2021-09-22,,,,,,
2021-09-26,,,,,,
2021-09-27,,,,,,
2021-09-28,,,,,,
2021-09-29,,,,,,
2021-09-30,,,,,,
2021-10-03,,,,,,
2021-10-04,,,,,,
2021-10-05,,,,,,
2021-10-06,,,,,,
2021-10-07,,,,,,
2021-10-10,,,,,,
2021-10-11,,,,,,
2021-10-12,,,,,,
2021-10-13,,,,,,
2021-10-14,,,,,,
2021-10-17,,,,,,
2021-10-18,,,,,,
2021-10-19,,,,,,
2021-10-20,,,,,,
2021-10-21,,,,,,
2021-10-24,,,,,,
2021-10-25,,,,,,
2021-10-26,,,,,,
2021-10-27,,,,,,
2021-10-28,,,,,,
2021-10-31,,,,,,
2021-11-01,,,,,,
2021-11-02,,,,,,
2021-11-03,,,,,,
2021-11-04,,,,,,
2021-11-07,,,,,,
2021-11-08,,,,,,
2021-11-09,,,,,,
2021-11-10,,,,,,
2021-11-11,,,,,,
2021-11-14,,,,,,
2021-11-15,,,,,,
2021-11-16,,,,,,
2021-11-17,,,,,,
2021-11-18,,,,,,
2021-11-21,,,,,,
2021-11-22,,,,,,
2021-11-23,,,,,,
2021-11-24,,,,,,
2021-11-25,,,,,,
2021-11-28,,,,,,
2021-11-29,,,,,,
2021-11-30,,,,,,
2021-12-01,,,,,,
2021-12-02,,,,,,
2021-12-05,,,,,,
2021-12-06,,,,,,
2021-12-07,,,,,,
2021-12-08,,,,,,
2021-12-09,,,,,,
2021-12-12,,,,,,
2021-12-13,,,,,,
2021-12-14,,,,,,
2021-12-15,,,,,,
2021-12-16,,,,,,
2021-12-19,,,,,,
2021-12-20,,,,,,
2021-12-21,58.23470687866211,62.09999847412109,64.5,62.0,64.0,4879677.0
2021-12-22,56.54674530029297,60.29999923706055,62.5,60.20000076293945,62.400001525878906,3827977.0
2021-12-23,57.015621185302734,60.79999923706055,61.70000076293945,60.20000076293945,60.400001525878906,2302758.0
2021-12-26,55.98408889770508,59.70000076293945,61.5,59.70000076293945,61.0,1334029.0
2021-12-27,55.14010620117188,58.79999923706055,59.79999923706055,58.400001525878906,59.70000076293945,1549098.0
2021-12-28,55.608985900878906,59.29999923706055,60.09999847412109,58.900001525878906,59.29999923706055,1176415.0
2021-12-29,54.29612731933594,57.900001525878906,59.79999923706055,57.79999923706055,59.20000076293945,1163175.0
2021-12-30,54.48367691040039,58.09999847412109,58.5,57.59999847412109,58.0,725488.0
2022-01-02,55.04633331298828,58.70000076293945,59.29999923706055,58.0,58.09999847412109,666228.0
2022-01-03,55.233882904052734,58.900001525878906,60.400001525878906,58.400001525878906,59.0,1400437.0
2022-01-04,55.3276596069336,59.0,59.59999847412109,58.5,59.29999923706055,454060.0
2022-01-05,55.233882904052734,58.900001525878906,59.09999847412109,58.5,59.09999847412109,402413.0
2022-01-06,54.85877990722656,58.5,58.79999923706055,58.29999923706055,58.79999923706055,336779.0
2022-01-09,55.14010620117188,58.79999923706055,59.29999923706055,58.59999847412109,58.70000076293945,446744.0
2022-01-10,55.233882904052734,58.900001525878906,59.29999923706055,58.70000076293945,58.900001525878906,628496.0
2022-01-11,55.702762603759766,59.400001525878906,59.79999923706055,58.400001525878906,58.79999923706055,1097705.0
2022-01-12,56.64051818847656,60.400001525878906,60.900001525878906,59.5,59.79999923706055,2894265.0
2022-01-13,55.98408889770508,59.70000076293945,61.0,59.70000076293945,60.70000076293945,1133245.0
2022-01-16,56.26541519165039,60.0,60.09999847412109,59.59999847412109,59.79999923706055,945614.0
2022-01-17,58.89113235473633,62.79999923706055,63.0,59.900001525878906,60.0,4991685.0
2022-01-18,58.04715347290039,61.900001525878906,63.79999923706055,61.70000076293945,63.09999847412109,2681422.0
2022-01-19,57.9533805847168,61.79999923706055,62.5,61.5,62.0,1100845.0
2022-01-20,58.140926361083984,62.0,62.0,60.79999923706055,61.900001525878906,1291863.0
2022-01-23,57.1093978881836,60.900001525878906,61.900001525878906,60.79999923706055,61.900001525878906,893929.0
2022-01-24,57.015621185302734,60.79999923706055,61.29999923706055,60.5,61.09999847412109,494758.0
2022-01-25,57.29694366455078,61.09999847412109,61.70000076293945,60.59999847412109,60.79999923706055,715460.0
2022-01-26,57.29694366455078,61.09999847412109,61.09999847412109,61.09999847412109,61.09999847412109,0.0
2022-01-27,57.29694366455078,61.09999847412109,61.09999847412109,61.09999847412109,61.09999847412109,0.0
2022-01-30,57.39072799682617,61.20000076293945,61.70000076293945,61.0,61.29999923706055,682131.0
2022-01-31,57.76582336425781,61.59999847412109,61.59999847412109,61.20000076293945,61.29999923706055,569246.0
2022-02-01,59.64133834838867,63.59999847412109,63.59999847412109,61.59999847412109,61.59999847412109,4219855.0
2022-02-02,58.32848358154297,62.20000076293945,63.59999847412109,62.09999847412109,63.5,1582919.0
2022-02-03,57.9533805847168,61.79999923706055,62.5,61.400001525878906,62.20000076293945,839449.0
2022-02-06,57.67205047607422,61.5,61.79999923706055,61.20000076293945,61.79999923706055,540632.0
2022-02-07,58.04715347290039,61.900001525878906,62.09999847412109,61.20000076293945,61.5,560217.0
2022-02-08,57.67205047607422,61.5,62.09999847412109,61.400001525878906,61.900001525878906,392922.0
2022-02-09,57.67205047607422,61.5,62.09999847412109,61.29999923706055,61.59999847412109,466857.0
2022-02-10,57.85960388183594,61.70000076293945,62.400001525878906,61.400001525878906,61.5,959128.0
2022-02-13,55.42143249511719,59.09999847412109,61.09999847412109,58.0,61.0,1725947.0
2022-02-14,55.89031219482422,59.59999847412109,59.70000076293945,58.09999847412109,59.09999847412109,749728.0
2022-02-15,56.1716423034668,59.900001525878906,60.400001525878906,59.20000076293945,59.59999847412109,637330.0
2022-02-16,56.07786178588867,59.79999923706055,60.5,59.70000076293945,60.0,544990.0
2022-02-17,55.98408889770508,59.70000076293945,60.5,59.5,60.29999923706055,539787.0
2022-02-20,54.38990020751953,58.0,59.5,58.0,59.5,694545.0
2022-02-21,54.20235061645508,57.79999923706055,58.5,57.79999923706055,58.20000076293945,447185.0
2022-02-23,54.48367691040039,58.09999847412109,58.79999923706055,57.70000076293945,57.79999923706055,457006.0
2022-02-24,52.51438522338867,56.0,57.0,55.70000076293945,56.70000076293945,990117.0
2022-02-27,53.45214080810547,57.0,57.20000076293945,56.59999847412109,56.70000076293945,468636.0
2022-02-28,53.45214080810547,57.0,57.5,56.70000076293945,57.09999847412109,323494.0
2022-03-01,53.26459503173828,56.79999923706055,57.09999847412109,56.70000076293945,57.0,422702.0
2022-03-02,52.23305892944336,55.70000076293945,56.59999847412109,55.70000076293945,56.59999847412109,517848.0
2022-03-03,52.51438522338867,56.0,56.59999847412109,55.79999923706055,56.0,523692.0
2022-03-06,53.63969802856445,57.20000076293945,57.400001525878906,56.09999847412109,56.20000076293945,579026.0
2022-03-07,55.14010620117188,58.79999923706055,59.5,56.900001525878906,57.20000076293945,1598506.0
2022-03-08,54.85877990722656,58.5,59.0,58.0,58.59999847412109,574393.0
2022-03-09,54.38990020751953,58.0,58.70000076293945,58.0,58.400001525878906,422928.0
2022-03-10,54.57745361328125,58.20000076293945,58.400001525878906,57.70000076293945,58.29999923706055,190320.0
2022-03-13,55.98408889770508,59.70000076293945,60.5,58.20000076293945,58.29999923706055,2054445.0
2022-03-14,54.38990020751953,58.0,59.5,57.59999847412109,59.29999923706055,737266.0
2022-03-15,54.57745361328125,58.20000076293945,58.20000076293945,57.20000076293945,58.0,334410.0
2022-03-16,54.76500701904297,58.400001525878906,58.79999923706055,58.0,58.0,464948.0
2022-03-17,54.10857772827149,57.70000076293945,58.79999923706055,57.29999923706055,58.5,455096.0
2022-03-20,54.38990020751953,58.0,58.29999923706055,57.59999847412109,58.29999923706055,174172.0
2022-03-21,54.29612731933594,57.900001525878906,58.5,57.29999923706055,58.29999923706055,452319.0
2022-03-22,54.57745361328125,58.20000076293945,58.400001525878906,57.29999923706055,57.900001525878906,368659.0
2022-03-23,55.14010620117188,58.79999923706055,59.0,57.79999923706055,58.29999923706055,400685.0
2022-03-24,55.14010620117188,58.79999923706055,59.0,58.29999923706055,58.79999923706055,262901.0
2022-03-27,56.07786178588867,59.79999923706055,60.09999847412109,58.29999923706055,58.5,712212.0
2022-03-28,56.26541519165039,60.0,61.09999847412109,59.79999923706055,60.5,1248783.0
2022-03-29,56.26541519165039,60.0,60.20000076293945,59.59999847412109,60.0,440508.0
2022-03-30,55.702762603759766,59.400001525878906,60.0,58.900001525878906,60.0,409547.0
2022-03-31,57.20317077636719,61.0,62.70000076293945,59.400001525878906,59.400001525878906,3084438.0
2022-04-03,59.07868957519531,63.0,63.59999847412109,61.0,61.0,1284155.0
2022-04-04,59.07868957519531,63.0,63.0,63.0,63.0,0.0
2022-04-05,62.36083221435547,66.5,66.5,62.20000076293945,62.400001525878906,3655782.0
2022-04-06,60.86042785644531,64.9000015258789,69.80000305175781,63.09999847412109,67.9000015258789,5058518.0
2022-04-07,60.579097747802734,64.5999984741211,65.69999694824219,63.79999923706055,65.0,1186137.0
2022-04-10,60.39154815673828,64.4000015258789,65.30000305175781,64.19999694824219,64.5,844522.0
2022-04-11,63.01726150512695,67.19999694824219,67.80000305175781,64.19999694824219,64.5,2463650.0
2022-04-12,69.30023956298828,73.9000015258789,73.9000015258789,70.0,70.0,8537307.0
2022-04-13,69.67533874511719,74.30000305175781,75.4000015258789,71.19999694824219,73.30000305175781,3880312.0
2022-04-14,68.73758697509766,73.30000305175781,75.0,72.80000305175781,74.0,1164488.0
2022-04-17,67.98737335205078,72.5,73.0999984741211,71.5,73.0999984741211,483321.0
2022-04-18,68.08114624023438,72.5999984741211,73.80000305175781,72.0,72.5,575099.0
2022-04-19,69.20646667480469,73.80000305175781,74.69999694824219,72.4000015258789,72.69999694824219,1157515.0
2022-04-20,70.33177185058594,75.0,76.5,73.5999984741211,73.9000015258789,2912970.0
2022-04-21,68.92513275146484,73.5,75.4000015258789,73.5,75.19999694824219,670898.0
2022-04-24,67.51850128173828,72.0,73.19999694824219,71.19999694824219,73.19999694824219,466840.0
2022-04-25,67.04962158203125,71.5,73.0,71.0999984741211,72.0,250129.0
2022-04-26,67.98737335205078,72.5,73.0,71.69999694824219,71.69999694824219,265795.0
2022-04-27,68.08114624023438,72.5999984741211,72.80000305175781,71.9000015258789,72.5,220775.0
2022-04-28,67.42472076416016,71.9000015258789,73.0999984741211,71.5999984741211,72.69999694824219,500276.0
2022-05-08,66.67451477050781,71.0999984741211,73.30000305175781,71.0,71.9000015258789,568708.0
2022-05-09,68.08114624023438,72.5999984741211,73.9000015258789,71.0999984741211,71.19999694824219,961052.0
2022-05-10,67.51850128173828,72.0,73.0999984741211,71.5,73.0999984741211,606271.0
2022-05-11,68.73758697509766,73.30000305175781,74.0,72.0,72.0999984741211,762780.0
2022-05-12,66.2994155883789,70.69999694824219,73.4000015258789,70.30000305175781,73.4000015258789,757364.0
2022-05-15,66.2994155883789,70.69999694824219,71.4000015258789,70.30000305175781,71.0,289176.0
2022-05-16,66.11186218261719,70.5,71.5999984741211,70.0999984741211,71.0,424428.0
2022-05-17,67.14339447021484,71.5999984741211,72.0,70.0999984741211,70.80000305175781,382751.0
2022-05-18,67.14339447021484,71.5999984741211,71.5999984741211,71.5999984741211,71.5999984741211,0.0
2022-05-19,67.7998275756836,72.30000305175781,73.0,70.0,71.5,938485.0
2022-05-22,68.92513275146484,73.5,74.5999984741211,72.80000305175781,73.0,816904.0
2022-05-23,67.23716735839844,71.69999694824219,74.5,71.5,73.9000015258789,647989.0
2022-05-24,66.86206817626953,71.30000305175781,72.4000015258789,70.5999984741211,71.69999694824219,520493.0
2022-05-25,66.86206817626953,71.30000305175781,72.0,71.30000305175781,71.69999694824219,332400.0
2022-05-26,66.95584106445312,71.4000015258789,72.0,70.69999694824219,71.5999984741211,353547.0
2022-05-29,66.48696899414062,70.9000015258789,71.9000015258789,70.69999694824219,71.9000015258789,557422.0
2022-05-30,65.54920959472656,69.9000015258789,70.0999984741211,68.0,70.0999984741211,1280903.0
2022-05-31,65.83053588867188,70.19999694824219,70.19999694824219,69.19999694824219,70.0,684140.0
2022-06-01,65.36165618896484,69.69999694824219,70.19999694824219,69.5,70.19999694824219,403015.0
2022-06-02,65.16856384277344,67.5,68.30000305175781,67.19999694824219,68.0,279263.0
2022-06-05,64.01001739501953,66.30000305175781,67.4000015258789,65.5999984741211,67.30000305175781,362034.0
2022-06-06,63.9134635925293,66.19999694824219,66.80000305175781,65.69999694824219,66.19999694824219,273649.0
2022-06-07,64.01001739501953,66.30000305175781,66.5999984741211,65.9000015258789,66.0999984741211,243825.0
2022-06-08,64.68583679199219,67.0,67.69999694824219,66.69999694824219,66.69999694824219,327150.0
2022-06-09,64.10655975341797,66.4000015258789,68.0,66.4000015258789,67.0,256515.0
2022-06-12,60.05162811279297,62.20000076293945,65.4000015258789,62.20000076293945,65.4000015258789,412539.0
2022-06-13,59.56889724731445,61.70000076293945,62.900001525878906,59.0,62.0,487494.0
2022-06-14,59.76198959350586,61.900001525878906,62.70000076293945,58.0,61.0,545204.0
2022-06-15,58.89307022094727,61.0,62.70000076293945,60.59999847412109,61.0,199702.0
2022-06-16,57.34833526611328,59.400001525878906,62.0,59.400001525878906,60.79999923706055,223464.0
2022-06-19,56.47942352294922,58.5,60.0,56.59999847412109,58.59999847412109,224209.0
2022-06-20,56.67251586914063,58.70000076293945,59.70000076293945,58.0,58.900001525878906,168747.0
2022-06-21,56.86560821533203,58.900001525878906,60.5,58.79999923706055,59.70000076293945,317100.0
2022-06-22,55.8036003112793,57.79999923706055,60.5,57.400001525878906,59.79999923706055,348062.0
2022-06-23,55.900150299072266,57.900001525878906,58.0,56.79999923706055,58.0,129485.0
2022-06-26,56.575965881347656,58.59999847412109,59.20000076293945,58.5,59.0,180958.0
2022-06-27,55.9966926574707,58.0,60.59999847412109,58.0,58.5,429364.0
2022-06-28,56.96215438842773,59.0,59.0,58.0,58.09999847412109,165597.0
2022-06-29,56.67251586914063,58.70000076293945,59.70000076293945,58.5,58.900001525878906,203477.0
2022-06-30,56.86560821533203,58.900001525878906,59.5,58.29999923706055,58.59999847412109,163465.0
2022-07-03,56.47942352294922,58.5,59.5,58.5,59.0,75952.0
2022-07-04,55.7070541381836,57.70000076293945,58.29999923706055,57.5,58.20000076293945,97877.0
2022-07-05,55.900150299072266,57.900001525878906,58.70000076293945,57.400001525878906,57.79999923706055,136793.0
2022-07-06,55.900150299072266,57.900001525878906,57.900001525878906,57.09999847412109,57.5,107231.0
2022-07-13,55.51396179199219,57.5,58.09999847412109,57.400001525878906,57.900001525878906,93595.0
2022-07-14,54.16231536865234,56.09999847412109,57.5,55.70000076293945,57.5,113986.0
2022-07-17,54.06577301025391,56.0,56.79999923706055,55.70000076293945,56.29999923706055,154747.0
2022-07-18,55.9966926574707,58.0,58.5,56.400001525878906,56.5,293493.0
2022-07-19,61.59636306762695,63.79999923706055,63.79999923706055,63.79999923706055,63.79999923706055,379311.0
2022-07-20,67.48567199707031,69.9000015258789,70.0999984741211,67.5999984741211,69.80000305175781,1745435.0
2022-07-21,65.36165618896484,67.69999694824219,70.0999984741211,67.5,70.0,498590.0
2022-07-24,65.26510620117188,67.5999984741211,68.30000305175781,67.19999694824219,68.0,213385.0
2022-07-25,63.14109802246094,65.4000015258789,67.5,65.4000015258789,67.5,433783.0
2022-07-26,61.982540130615234,64.19999694824219,66.0999984741211,64.19999694824219,65.5,293083.0
2022-07-27,62.561824798583984,64.80000305175781,65.30000305175781,63.900001525878906,64.30000305175781,434654.0
2022-07-28,63.72037506103516,66.0,66.30000305175781,64.9000015258789,65.0,454166.0
2022-07-31,64.49275207519531,66.80000305175781,67.5,66.0,66.5,408303.0
2022-08-01,66.31290435791016,67.4000015258789,67.5,65.4000015258789,65.4000015258789,392918.0
2022-08-02,65.91935729980469,67.0,68.0,66.5999984741211,67.5,408480.0
2022-08-03,70.93709564208984,72.0999984741211,72.0999984741211,66.5,66.69999694824219,1596304.0
2022-08-04,69.75645446777344,70.9000015258789,73.0999984741211,70.5,72.0999984741211,1176440.0
2022-08-07,67.69032287597656,68.80000305175781,72.19999694824219,68.80000305175781,71.0999984741211,734205.0
2022-08-08,68.08386993408203,69.19999694824219,69.80000305175781,68.4000015258789,68.80000305175781,555537.0
2022-08-09,67.0999984741211,68.19999694824219,70.30000305175781,68.0,69.5999984741211,613229.0
2022-08-10,67.78871154785156,68.9000015258789,69.5999984741211,67.5,68.4000015258789,477617.0
2022-08-11,69.06774139404297,70.19999694824219,70.30000305175781,68.4000015258789,68.5999984741211,643701.0
2022-08-14,68.28064727783203,69.4000015258789,71.30000305175781,69.30000305175781,70.4000015258789,733370.0
2022-08-15,68.08386993408203,69.19999694824219,69.69999694824219,68.80000305175781,69.5,343503.0
2022-08-16,69.65806579589844,70.80000305175781,71.4000015258789,68.9000015258789,69.19999694824219,792151.0
2022-08-17,68.8709716796875,70.0,71.9000015258789,69.9000015258789,70.9000015258789,906308.0
2022-08-18,69.16613006591797,70.30000305175781,70.69999694824219,69.30000305175781,70.0,296386.0
2022-08-21,68.4774169921875,69.5999984741211,70.30000305175781,69.5,70.30000305175781,140576.0
2022-08-22,69.55967712402344,70.69999694824219,72.4000015258789,69.9000015258789,71.19999694824219,1359829.0
2022-08-23,68.6741943359375,69.80000305175781,70.69999694824219,69.69999694824219,70.69999694824219,273915.0
2022-08-24,69.46128845214844,70.5999984741211,71.19999694824219,69.0999984741211,69.0999984741211,454443.0
2022-08-25,69.46128845214844,70.5999984741211,71.0,70.0999984741211,70.5999984741211,348929.0
2022-08-28,69.16613006591797,70.30000305175781,70.69999694824219,69.5999984741211,70.0,207201.0
2022-08-29,70.3467788696289,71.5,71.69999694824219,70.0,70.19999694824219,846833.0
2022-08-30,69.85484313964844,71.0,72.69999694824219,71.0,71.69999694824219,1016870.0
2022-08-31,68.4774169921875,69.5999984741211,71.0,69.4000015258789,70.80000305175781,567125.0
2022-09-01,68.28064727783203,69.4000015258789,70.19999694824219,69.0999984741211,69.5999984741211,404859.0
2022-09-04,67.49354553222656,68.5999984741211,69.4000015258789,68.4000015258789,69.19999694824219,245440.0
2022-09-05,67.0016098022461,68.0999984741211,69.0,68.0999984741211,68.5999984741211,215412.0
2022-09-06,66.80484008789062,67.9000015258789,68.69999694824219,67.69999694824219,68.30000305175781,159877.0
2022-09-07,66.50967407226562,67.5999984741211,67.9000015258789,66.80000305175781,67.9000015258789,195178.0
2022-09-08,67.0999984741211,68.19999694824219,68.30000305175781,67.19999694824219,67.5999984741211,148008.0
2022-09-11,67.69032287597656,68.80000305175781,69.19999694824219,68.30000305175781,68.69999694824219,185259.0
2022-09-12,66.90322875976562,68.0,68.80000305175781,67.80000305175781,68.5999984741211,173097.0
2022-09-13,66.90322875976562,68.0,68.4000015258789,67.80000305175781,68.0,113936.0
2022-09-14,65.52580261230469,66.5999984741211,67.0999984741211,63.900001525878906,63.900001525878906,342574.0
2022-09-15,65.13225555419922,66.19999694824219,67.9000015258789,65.5,67.0,230398.0
2022-09-18,62.86935806274414,63.900001525878906,66.4000015258789,63.09999847412109,66.4000015258789,195839.0
2022-09-19,63.06612777709961,64.0999984741211,64.5999984741211,63.29999923706055,64.0999984741211,156383.0
2022-09-20,63.26290893554688,64.30000305175781,65.0999984741211,64.19999694824219,64.19999694824219,202038.0
2022-09-21,62.77096939086914,63.79999923706055,64.19999694824219,63.09999847412109,63.20000076293945,120374.0
2022-09-25,61.0,62.0,62.0,60.59999847412109,60.59999847412109,174904.0
2022-09-26,62.77096939086914,63.79999923706055,64.5,61.70000076293945,62.0,549704.0
2022-09-27,64.83709716796875,65.9000015258789,66.19999694824219,64.0,64.0,246847.0
2022-09-28,66.01773834228516,67.0999984741211,67.0999984741211,65.19999694824219,65.30000305175781,333557.0
2022-09-29,67.88710021972656,69.0,69.0,66.30000305175781,68.0,672450.0
2022-10-02,68.28064727783203,69.4000015258789,69.5,67.69999694824219,68.69999694824219,443771.0
2022-10-03,68.4774169921875,69.5999984741211,69.9000015258789,68.5999984741211,69.5,845037.0
2022-10-04,68.4774169921875,69.5999984741211,69.5999984741211,69.5999984741211,69.5999984741211,0.0
2022-10-05,68.7725830078125,69.9000015258789,69.9000015258789,68.4000015258789,69.5999984741211,495625.0
2022-10-06,69.85484313964844,71.0,71.4000015258789,69.30000305175781,69.9000015258789,787440.0
2022-10-09,69.36290740966797,70.5,72.80000305175781,70.0,70.4000015258789,1146535.0
2022-10-10,68.6741943359375,69.80000305175781,70.9000015258789,68.5999984741211,70.0,511030.0
2022-10-11,68.8709716796875,70.0,70.5999984741211,69.4000015258789,69.69999694824219,353113.0
2022-10-12,70.83871459960938,72.0,72.19999694824219,69.5,70.30000305175781,897213.0
2022-10-13,69.55967712402344,70.69999694824219,72.69999694824219,70.69999694824219,72.19999694824219,511233.0
2022-10-16,68.8709716796875,70.0,71.0,69.19999694824219,70.5,377882.0
2022-10-17,69.9532241821289,71.0999984741211,71.5999984741211,69.80000305175781,70.0,595401.0
2022-10-18,70.2483901977539,71.4000015258789,71.9000015258789,70.0999984741211,71.80000305175781,510125.0
2022-10-19,70.2483901977539,71.4000015258789,72.5999984741211,71.30000305175781,71.5,660234.0
2022-10-20,70.74032592773438,71.9000015258789,71.9000015258789,70.80000305175781,71.5,301520.0
2022-10-23,73.00322723388672,74.19999694824219,74.69999694824219,71.80000305175781,72.5999984741211,1151781.0
2022-10-24,72.90483856201172,74.0999984741211,75.30000305175781,73.30000305175781,73.9000015258789,1193555.0
2022-10-25,71.92096710205078,73.0999984741211,74.5,72.80000305175781,74.0999984741211,404525.0
2022-10-26,70.44515991210938,71.5999984741211,73.19999694824219,71.5,73.19999694824219,338043.0
2022-10-27,70.3467788696289,71.5,72.4000015258789,70.9000015258789,71.5999984741211,241988.0
2022-10-30,70.0516128540039,71.19999694824219,71.9000015258789,70.9000015258789,71.30000305175781,196353.0
2022-10-31,70.0516128540039,71.19999694824219,71.19999694824219,71.19999694824219,71.19999694824219,0.0
2022-11-01,67.98548126220703,69.0999984741211,71.5,68.9000015258789,71.5,386046.0
2022-11-02,67.88710021972656,69.0,69.80000305175781,67.4000015258789,68.9000015258789,246568.0
2022-11-03,69.36290740966797,70.5,70.5,68.30000305175781,68.5,175098.0
2022-11-06,67.88710021972656,69.0,70.0,68.5999984741211,70.0,813212.0
2022-11-07,65.03386688232422,66.0999984741211,68.5999984741211,65.9000015258789,68.5999984741211,552668.0
2022-11-08,66.01773834228516,67.0999984741211,67.30000305175781,66.0,66.30000305175781,339860.0
2022-11-09,64.54193878173828,65.5999984741211,67.5,65.5999984741211,67.0,317385.0
2022-11-10,62.37742233276367,63.400001525878906,65.4000015258789,63.20000076293945,65.30000305175781,348136.0
2022-11-13,62.08225631713867,63.09999847412109,64.30000305175781,63.0,64.0,198056.0
2022-11-14,60.4096794128418,61.400001525878906,62.79999923706055,60.900001525878906,62.79999923706055,362241.0
2022-11-15,61.19677734375,62.20000076293945,62.70000076293945,61.09999847412109,61.5,259572.0
2022-11-16,62.37742233276367,63.400001525878906,63.900001525878906,61.5,61.79999923706055,456997.0
2022-11-17,63.06612777709961,64.0999984741211,64.0999984741211,62.09999847412109,63.400001525878906,296186.0
2022-11-20,61.7870979309082,62.79999923706055,64.5999984741211,62.70000076293945,64.0999984741211,286027.0
2022-11-21,60.50806427001953,61.5,63.79999923706055,61.20000076293945,63.0,311716.0
2022-11-22,60.901615142822266,61.900001525878906,62.29999923706055,61.5,61.59999847412109,101927.0
2022-11-24,60.01612854003906,61.0,61.900001525878906,60.09999847412109,61.900001525878906,187040.0
2022-11-27,59.032257080078125,60.0,60.59999847412109,59.70000076293945,60.29999923706055,132889.0
2022-11-28,60.901615142822266,61.900001525878906,61.900001525878906,59.400001525878906,59.59999847412109,130471.0
2022-11-29,60.60645294189453,61.59999847412109,61.900001525878906,61.09999847412109,61.900001525878906,119206.0
2022-11-30,60.60645294189453,61.59999847412109,61.59999847412109,61.59999847412109,61.59999847412109,0.0
2022-12-01,60.60645294189453,61.59999847412109,61.59999847412109,61.59999847412109,61.59999847412109,0.0
2022-12-04,59.6225814819336,60.59999847412109,62.29999923706055,60.59999847412109,62.29999923706055,143995.0
2022-12-05,59.524192810058594,60.5,61.09999847412109,60.0,60.900001525878906,124168.0
2022-12-06,59.42580795288086,60.400001525878906,60.900001525878906,59.70000076293945,60.09999847412109,169351.0
2022-12-07,58.83548355102539,59.79999923706055,60.5,59.79999923706055,60.20000076293945,139423.0
2022-12-08,58.638710021972656,59.59999847412109,61.0,59.400001525878906,59.59999847412109,191630.0
2022-12-11,56.47419738769531,57.400001525878906,60.29999923706055,57.400001525878906,59.900001525878906,169523.0
2022-12-12,55.391937255859375,56.29999923706055,57.400001525878906,55.70000076293945,57.400001525878906,307812.0
2022-12-13,57.26129150390625,58.20000076293945,58.20000076293945,56.70000076293945,56.70000076293945,310227.0
2022-12-14,56.67096710205078,57.59999847412109,60.09999847412109,57.400001525878906,60.0,416420.0
2022-12-15,57.45806503295898,58.400001525878906,58.70000076293945,57.59999847412109,58.29999923706055,331425.0
2022-12-18,57.45806503295898,58.400001525878906,58.59999847412109,58.0,58.20000076293945,146264.0
2022-12-19,57.06451797485352,58.0,59.09999847412109,58.0,58.5,172094.0
2022-12-20,58.737098693847656,59.70000076293945,59.70000076293945,57.59999847412109,58.0,246723.0
2022-12-21,58.737098693847656,59.70000076293945,60.400001525878906,59.59999847412109,59.79999923706055,209898.0
2022-12-22,59.130645751953125,60.09999847412109,60.29999923706055,59.400001525878906,59.900001525878906,162189.0
2022-12-25,58.34354782104492,59.29999923706055,60.20000076293945,59.29999923706055,60.09999847412109,96986.0
2022-12-26,57.95000076293945,58.900001525878906,59.400001525878906,58.70000076293945,59.0,86418.0
2022-12-27,58.54032516479492,59.5,59.5,58.70000076293945,59.0,44060.0
2022-12-28,58.24516296386719,59.20000076293945,59.59999847412109,59.09999847412109,59.20000076293945,75374.0
2022-12-29,60.4096794128418,61.400001525878906,61.5,59.400001525878906,59.59999847412109,320088.0
2023-01-01,61.0,62.0,62.400001525878906,61.5,61.70000076293945,236055.0
2023-01-02,61.7870979309082,62.79999923706055,63.0,61.70000076293945,62.0,267395.0
2023-01-03,61.7870979309082,62.79999923706055,62.79999923706055,62.79999923706055,62.79999923706055,0.0
2023-01-04,60.80322647094727,61.79999923706055,63.900001525878906,61.79999923706055,63.0,264491.0
2023-01-05,60.70484161376953,61.70000076293945,62.20000076293945,61.400001525878906,61.400001525878906,104474.0
2023-01-08,60.901615142822266,61.900001525878906,62.400001525878906,61.59999847412109,62.09999847412109,136771.0
2023-01-09,61.68871307373047,62.70000076293945,62.70000076293945,62.09999847412109,62.09999847412109,185162.0
2023-01-10,60.901615142822266,61.900001525878906,62.79999923706055,61.900001525878906,62.79999923706055,197875.0
2023-01-11,62.37742233276367,63.400001525878906,63.900001525878906,61.900001525878906,62.0,404293.0
2023-01-12,62.96774291992188,64.0,65.30000305175781,63.59999847412109,63.59999847412109,507744.0
2023-01-15,62.96774291992188,64.0,64.0,64.0,64.0,0.0
2023-01-16,61.5903205871582,62.59999847412109,63.5,62.400001525878906,63.5,183507.0
2023-01-17,60.70484161376953,61.70000076293945,62.70000076293945,61.59999847412109,62.400001525878906,148474.0
2023-01-18,60.70484161376953,61.70000076293945,62.70000076293945,61.59999847412109,62.400001525878906,148474.0
2023-01-19,61.68871307373047,62.70000076293945,62.70000076293945,61.900001525878906,62.0,102844.0
2023-01-22,61.68871307373047,62.70000076293945,62.70000076293945,62.70000076293945,62.70000076293945,0.0
2023-01-23,61.98387145996094,63.0,63.400001525878906,62.79999923706055,63.400001525878906,70497.0
2023-01-24,61.5903205871582,62.59999847412109,63.5,62.59999847412109,63.400001525878906,127560.0
2023-01-25,61.68871307373047,62.70000076293945,63.09999847412109,62.59999847412109,62.59999847412109,57727.0
2023-01-26,61.09838485717773,62.09999847412109,62.900001525878906,62.09999847412109,62.70000076293945,76775.0
2023-01-29,61.0,62.0,62.29999923706055,61.79999923706055,62.09999847412109,104912.0
2023-01-30,60.70484161376953,61.70000076293945,62.20000076293945,61.5,61.79999923706055,169331.0
2023-01-31,60.3112907409668,61.29999923706055,62.09999847412109,61.29999923706055,61.5,139895.0
2023-02-01,60.70484161376953,61.70000076293945,61.79999923706055,61.5,61.59999847412109,51041.0
2023-02-02,60.01612854003906,61.0,62.0,61.0,61.79999923706055,74360.0
2023-02-05,58.04838943481445,59.0,61.09999847412109,58.79999923706055,60.59999847412109,240446.0
2023-02-06,58.93387222290039,59.900001525878906,60.29999923706055,58.79999923706055,59.0,174729.0
2023-02-07,57.85161209106445,58.79999923706055,60.20000076293945,58.5,60.0,167428.0
2023-02-08,57.85161209106445,58.79999923706055,59.20000076293945,58.5,59.0,189932.0
2023-02-09,58.04838943481445,59.0,59.29999923706055,58.59999847412109,58.900001525878906,99252.0
2023-02-12,58.04838943481445,59.0,59.0,59.0,59.0,0.0
2023-02-13,58.44193649291992,59.400001525878906,59.79999923706055,58.79999923706055,59.09999847412109,275480.0
2023-02-14,58.34354782104492,59.29999923706055,59.900001525878906,59.20000076293945,59.900001525878906,136051.0
2023-02-15,58.54032516479492,59.5,59.70000076293945,59.09999847412109,59.29999923706055,147840.0
2023-02-16,58.83548355102539,59.79999923706055,60.29999923706055,59.29999923706055,59.29999923706055,232537.0
2023-02-19,58.44193649291992,59.400001525878906,59.900001525878906,59.20000076293945,59.900001525878906,239495.0
2023-02-20,58.24516296386719,59.20000076293945,60.29999923706055,59.0,59.20000076293945,203971.0
2023-02-21,58.24516296386719,59.20000076293945,59.5,58.79999923706055,59.20000076293945,94093.0
2023-02-23,58.04838943481445,59.0,59.5,58.900001525878906,59.5,106841.0
2023-02-26,56.96613311767578,57.900001525878906,59.5,57.900001525878906,59.0,123239.0
2023-02-27,56.86774063110352,57.79999923706055,58.20000076293945,57.59999847412109,58.0,132420.0
2023-02-28,57.45806503295898,58.400001525878906,59.5,58.20000076293945,58.29999923706055,319420.0
2023-03-01,57.45806503295898,58.400001525878906,58.900001525878906,58.20000076293945,58.70000076293945,1706.0
2023-03-02,57.556453704833984,58.5,58.70000076293945,58.29999923706055,58.5,300.0
2023-03-05,58.14677429199219,59.09999847412109,59.29999923706055,58.5,58.59999847412109,500.0
2023-03-06,58.14677429199219,59.09999847412109,59.09999847412109,59.09999847412109,59.09999847412109,0.0
2023-03-07,58.14677429199219,59.09999847412109,59.09999847412109,59.09999847412109,59.09999847412109,0.0
2023-03-08,56.96613311767578,57.900001525878906,58.29999923706055,57.0,57.5,600.0
2023-03-09,56.96613311767578,57.900001525878906,57.900001525878906,57.900001525878906,57.900001525878906,0.0
2023-03-12,56.96613311767578,57.900001525878906,57.900001525878906,57.900001525878906,57.900001525878906,0.0
2023-03-13,56.96613311767578,57.900001525878906,57.900001525878906,57.900001525878906,57.900001525878906,0.0
2023-03-14,56.76935577392578,57.70000076293945,58.29999923706055,57.400001525878906,58.0,710.0
2023-03-15,55.58871078491211,56.5,57.5,56.5,57.400001525878906,378.0
2023-03-16,54.900001525878906,55.79999923706055,56.5,55.79999923706055,56.5,500.0
2023-03-19,54.900001525878906,55.79999923706055,55.79999923706055,55.79999923706055,55.79999923706055,0.0
2023-03-20,56.17903137207031,57.09999847412109,57.59999847412109,56.79999923706055,57.0,1576.0
2023-03-21,57.16290283203125,58.09999847412109,58.20000076293945,56.79999923706055,57.0,2924.0
2023-03-22,56.76935577392578,57.70000076293945,58.0,57.0,57.70000076293945,550.0
2023-03-23,56.96613311767578,57.900001525878906,58.59999847412109,57.20000076293945,57.29999923706055,2500.0
2023-03-26,56.96613311767578,57.900001525878906,57.900001525878906,57.900001525878906,57.900001525878906,0.0
2023-03-27,56.96613311767578,57.900001525878906,57.900001525878906,57.900001525878906,57.900001525878906,0.0
2023-03-28,56.96613311767578,57.900001525878906,57.900001525878906,57.900001525878906,57.900001525878906,0.0
2023-03-29,56.96613311767578,57.900001525878906,57.900001525878906,57.900001525878906,57.900001525878906,0.0
2023-03-30,57.26129150390625,58.20000076293945,58.70000076293945,56.79999923706055,56.900001525878906,623.0
2023-04-02,57.26129150390625,58.20000076293945,58.20000076293945,58.20000076293945,58.20000076293945,0.0
2023-04-03,58.04838943481445,59.0,59.70000076293945,58.900001525878906,59.59999847412109,354.0
2023-04-04,58.44193649291992,59.400001525878906,59.5,58.70000076293945,59.09999847412109,572.0
2023-04-05,58.54032516479492,59.5,60.20000076293945,59.0,59.5,1222.0
2023-04-06,58.737098693847656,59.70000076293945,60.29999923706055,59.09999847412109,59.5,1872.0
2023-04-09,59.42580795288086,60.400001525878906,60.5,59.70000076293945,60.0,2789.0
2023-04-10,58.14677429199219,59.09999847412109,60.5,59.09999847412109,60.400001525878906,760.0
2023-04-11,57.85161209106445,58.79999923706055,59.20000076293945,58.400001525878906,59.20000076293945,500.0
2023-04-12,58.04838943481445,59.0,59.5,58.70000076293945,58.70000076293945,325.0
2023-04-13,57.75322723388672,58.70000076293945,59.5,58.59999847412109,59.0,617.0
2023-04-16,57.95000076293945,58.900001525878906,59.20000076293945,58.79999923706055,59.0,260.0
2023-04-17,59.032257080078125,60.0,61.79999923706055,59.70000076293945,60.5,760.0
2023-04-25,59.81935501098633,60.79999923706055,61.400001525878906,60.29999923706055,60.79999923706055,1000.0
2023-04-26,60.3112907409668,61.29999923706055,61.59999847412109,60.70000076293945,61.09999847412109,360.0
2023-04-27,61.49193572998047,62.5,62.70000076293945,60.900001525878906,61.20000076293945,700.0
2023-04-30,61.49193572998047,62.5,62.5,62.5,62.5,0.0
2023-05-01,61.49193572998047,62.5,62.5,62.5,62.5,0.0
2023-05-02,60.60645294189453,61.59999847412109,62.400001525878906,61.59999847412109,62.0,363.0
2023-05-03,59.81935501098633,60.79999923706055,61.5,60.79999923706055,61.400001525878906,294.0
2023-05-04,60.80322647094727,61.79999923706055,62.0,60.70000076293945,60.70000076293945,1000.0
2023-05-07,61.29516220092773,62.29999923706055,63.0,62.20000076293945,62.29999923706055,1000.0
2023-05-08,61.0,62.0,63.0,61.79999923706055,62.59999847412109,500.0
2023-05-09,61.0,61.0,61.70000076293945,60.900001525878906,61.70000076293945,249.0
2023-05-10,60.5,60.5,60.900001525878906,60.400001525878906,60.900001525878906,746.0
2023-05-11,62.0,62.0,62.400001525878906,60.59999847412109,60.900001525878906,500.0
2023-05-14,61.79999923706055,61.79999923706055,62.400001525878906,61.400001525878906,62.09999847412109,1489.0
2023-05-15,61.29999923706055,61.29999923706055,61.79999923706055,61.20000076293945,61.70000076293945,340.0
2023-05-16,61.5,61.5,61.79999923706055,61.29999923706055,61.29999923706055,1595.0
2023-05-17,60.900001525878906,60.900001525878906,61.29999923706055,60.59999847412109,61.29999923706055,500.0
2023-05-18,60.59999847412109,60.59999847412109,61.09999847412109,60.5,60.900001525878906,1601.0
2023-05-21,62.70000076293945,62.70000076293945,62.70000076293945,60.5,60.79999923706055,1858.0
2023-05-22,62.900001525878906,62.900001525878906,63.20000076293945,62.0,62.900001525878906,414.0
2023-05-23,63.400001525878906,63.400001525878906,64.5999984741211,62.900001525878906,62.900001525878906,768.0
2023-05-24,63.79999923706055,63.79999923706055,64.19999694824219,63.09999847412109,63.59999847412109,1500.0
2023-05-25,65.0,65.0,65.0999984741211,64.0,64.19999694824219,3000.0
2023-05-28,65.9000015258789,65.9000015258789,66.9000015258789,65.0,65.0999984741211,250.0
2023-05-29,64.5999984741211,64.5999984741211,66.19999694824219,64.30000305175781,66.0,1000.0
2023-05-30,65.4000015258789,65.4000015258789,66.0,64.4000015258789,64.4000015258789,400.0
2023-05-31,65.0,65.0,65.5999984741211,64.5,65.5999984741211,930.0
2023-06-01,64.0,64.0,65.0999984741211,63.79999923706055,64.9000015258789,1000.0
2023-06-04,65.80000305175781,65.80000305175781,66.0,63.900001525878906,64.4000015258789,300.0
2023-06-05,65.80000305175781,65.80000305175781,66.4000015258789,65.4000015258789,66.0999984741211,1000.0
2023-06-06,66.9000015258789,66.9000015258789,67.30000305175781,65.5,65.9000015258789,500.0
2023-06-07,66.5,66.5,67.19999694824219,66.30000305175781,66.9000015258789,694.0
2023-06-08,66.5,66.5,66.5,66.5,66.5,0.0
2023-06-11,66.69999694824219,66.69999694824219,67.5,66.30000305175781,67.5,1000.0
2023-06-12,66.5999984741211,66.5999984741211,66.80000305175781,66.0999984741211,66.5999984741211,1034.0
2023-06-13,65.9000015258789,65.9000015258789,66.5,65.5999984741211,66.5,507.0
2023-06-14,65.30000305175781,65.30000305175781,66.19999694824219,65.0999984741211,65.5999984741211,1000.0
2023-06-15,65.9000015258789,65.9000015258789,66.30000305175781,65.0999984741211,65.30000305175781,1139.0
2023-06-18,66.19999694824219,66.19999694824219,66.4000015258789,65.69999694824219,66.0999984741211,2000.0
2023-06-19,64.9000015258789,64.9000015258789,66.0999984741211,64.9000015258789,66.0999984741211,286548.0
2023-06-20,65.80000305175781,65.80000305175781,65.9000015258789,64.30000305175781,64.80000305175781,279870.0
2023-06-21,65.19999694824219,65.19999694824219,65.80000305175781,65.19999694824219,65.80000305175781,173493.0
2023-06-22,65.5,65.5,65.69999694824219,64.69999694824219,65.30000305175781,248452.0
