Date,Adj Close.43,Close.43,High.43,Low.43,Open.43,Volume.43
2018-07-01,,,,,,
2018-07-02,,,,,,
2018-07-03,,,,,,
2018-07-04,,,,,,
2018-07-05,,,,,,
2018-07-08,,,,,,
2018-07-09,,,,,,
2018-07-10,,,,,,
2018-07-11,,,,,,
2018-07-12,,,,,,
2018-07-15,,,,,,
2018-07-16,,,,,,
2018-07-17,,,,,,
2018-07-18,,,,,,
2018-07-19,,,,,,
2018-07-22,,,,,,
2018-07-23,,,,,,
2018-07-24,,,,,,
2018-07-25,,,,,,
2018-07-26,,,,,,
2018-07-29,,,,,,
2018-07-30,,,,,,
2018-07-31,,,,,,
2018-08-01,,,,,,
2018-08-02,,,,,,
2018-08-05,,,,,,
2018-08-06,,,,,,
2018-08-07,,,,,,
2018-08-08,,,,,,
2018-08-09,,,,,,
2018-08-12,,,,,,
2018-08-13,,,,,,
2018-08-14,,,,,,
2018-08-15,,,,,,
2018-08-16,,,,,,
2018-08-19,,,,,,
2018-08-20,,,,,,
2018-08-21,,,,,,
2018-08-22,,,,,,
2018-08-23,,,,,,
2018-08-26,,,,,,
2018-08-27,,,,,,
2018-08-28,,,,,,
2018-08-29,,,,,,
2018-08-30,,,,,,
2018-09-02,,,,,,
2018-09-03,,,,,,
2018-09-04,,,,,,
2018-09-05,,,,,,
2018-09-06,,,,,,
2018-09-09,,,,,,
2018-09-10,,,,,,
2018-09-11,,,,,,
2018-09-12,,,,,,
2018-09-13,,,,,,
2018-09-16,,,,,,
2018-09-17,,,,,,
2018-09-18,,,,,,
2018-09-19,,,,,,
2018-09-20,,,,,,
2018-09-23,,,,,,
2018-09-24,,,,,,
2018-09-25,,,,,,
2018-09-26,,,,,,
2018-09-27,,,,,,
2018-09-30,,,,,,
2018-10-01,,,,,,
2018-10-02,,,,,,
2018-10-03,,,,,,
2018-10-04,,,,,,
2018-10-07,,,,,,
2018-10-08,,,,,,
2018-10-09,,,,,,
2018-10-10,,,,,,
2018-10-11,,,,,,
2018-10-14,,,,,,
2018-10-15,,,,,,
2018-10-16,,,,,,
2018-10-17,,,,,,
2018-10-18,,,,,,
2018-10-21,,,,,,
2018-10-22,,,,,,
2018-10-23,,,,,,
2018-10-24,,,,,,
2018-10-25,,,,,,
2018-10-28,,,,,,
2018-10-29,,,,,,
2018-10-30,,,,,,
2018-10-31,,,,,,
2018-11-01,,,,,,
2018-11-04,,,,,,
2018-11-05,,,,,,
2018-11-06,,,,,,
2018-11-07,,,,,,
2018-11-08,,,,,,
2018-11-11,,,,,,
2018-11-12,,,,,,
2018-11-13,,,,,,
2018-11-14,,,,,,
2018-11-15,,,,,,
2018-11-18,,,,,,
2018-11-19,,,,,,
2018-11-20,,,,,,
2018-11-21,,,,,,
2018-11-22,,,,,,
2018-11-25,,,,,,
2018-11-26,,,,,,
2018-11-27,,,,,,
2018-11-28,,,,,,
2018-11-29,,,,,,
2018-12-02,,,,,,
2018-12-03,,,,,,
2018-12-04,,,,,,
2018-12-05,,,,,,
2018-12-06,,,,,,
2018-12-09,,,,,,
2018-12-10,,,,,,
2018-12-11,,,,,,
2018-12-12,,,,,,
2018-12-13,,,,,,
2018-12-16,,,,,,
2018-12-17,,,,,,
2018-12-18,,,,,,
2018-12-19,,,,,,
2018-12-20,,,,,,
2018-12-23,,,,,,
2018-12-24,,,,,,
2018-12-25,,,,,,
2018-12-26,,,,,,
2018-12-27,,,,,,
2018-12-30,,,,,,
2018-12-31,,,,,,
2019-01-01,,,,,,
2019-01-02,,,,,,
2019-01-03,,,,,,
2019-01-06,,,,,,
2019-01-07,,,,,,
2019-01-08,,,,,,
2019-01-09,,,,,,
2019-01-10,,,,,,
2019-01-13,,,,,,
2019-01-14,,,,,,
2019-01-15,,,,,,
2019-01-16,,,,,,
2019-01-17,,,,,,
2019-01-20,,,,,,
2019-01-21,,,,,,
2019-01-22,,,,,,
2019-01-23,,,,,,
2019-01-24,,,,,,
2019-01-27,,,,,,
2019-01-28,,,,,,
2019-01-29,,,,,,
2019-01-30,,,,,,
2019-01-31,,,,,,
2019-02-03,,,,,,
2019-02-04,,,,,,
2019-02-05,,,,,,
2019-02-06,,,,,,
2019-02-07,,,,,,
2019-02-10,,,,,,
2019-02-11,,,,,,
2019-02-12,,,,,,
2019-02-13,,,,,,
2019-02-14,,,,,,
2019-02-17,,,,,,
2019-02-18,,,,,,
2019-02-19,,,,,,
2019-02-20,,,,,,
2019-02-21,,,,,,
2019-02-24,,,,,,
2019-02-25,,,,,,
2019-02-26,,,,,,
2019-02-27,,,,,,
2019-02-28,,,,,,
2019-03-03,,,,,,
2019-03-04,,,,,,
2019-03-05,,,,,,
2019-03-06,,,,,,
2019-03-07,,,,,,
2019-03-10,,,,,,
2019-03-11,,,,,,
2019-03-12,,,,,,
2019-03-13,,,,,,
2019-03-14,,,,,,
2019-03-17,,,,,,
2019-03-18,,,,,,
2019-03-19,,,,,,
2019-03-20,,,,,,
2019-03-21,,,,,,
2019-03-24,,,,,,
2019-03-25,,,,,,
2019-03-26,,,,,,
2019-03-27,,,,,,
2019-03-28,,,,,,
2019-03-31,,,,,,
2019-04-01,,,,,,
2019-04-02,,,,,,
2019-04-03,,,,,,
2019-04-04,,,,,,
2019-04-07,,,,,,
2019-04-08,,,,,,
2019-04-09,,,,,,
2019-04-10,,,,,,
2019-04-11,,,,,,
2019-04-14,,,,,,
2019-04-15,,,,,,
2019-04-16,,,,,,
2019-04-17,,,,,,
2019-04-18,,,,,,
2019-04-21,,,,,,
2019-04-22,,,,,,
2019-04-23,,,,,,
2019-04-24,,,,,,
2019-04-25,,,,,,
2019-04-28,,,,,,
2019-04-29,,,,,,
2019-04-30,,,,,,
2019-05-01,,,,,,
2019-05-02,,,,,,
2019-05-05,,,,,,
2019-05-06,,,,,,
2019-05-07,,,,,,
2019-05-08,,,,,,
2019-05-09,,,,,,
2019-05-12,,,,,,
2019-05-13,,,,,,
2019-05-14,,,,,,
2019-05-15,,,,,,
2019-05-16,,,,,,
2019-05-19,,,,,,
2019-05-20,,,,,,
2019-05-21,,,,,,
2019-05-22,,,,,,
2019-05-23,,,,,,
2019-05-26,,,,,,
2019-05-27,,,,,,
2019-05-28,,,,,,
2019-05-29,,,,,,
2019-05-30,,,,,,
2019-06-02,,,,,,
2019-06-03,,,,,,
2019-06-04,,,,,,
2019-06-05,,,,,,
2019-06-06,,,,,,
2019-06-09,,,,,,
2019-06-10,,,,,,
2019-06-11,,,,,,
2019-06-12,,,,,,
2019-06-13,,,,,,
2019-06-16,,,,,,
2019-06-17,,,,,,
2019-06-18,,,,,,
2019-06-19,,,,,,
2019-06-20,,,,,,
2019-06-23,,,,,,
2019-06-24,,,,,,
2019-06-25,,,,,,
2019-06-26,,,,,,
2019-06-27,,,,,,
2019-06-30,,,,,,
2019-07-01,,,,,,
2019-07-02,,,,,,
2019-07-03,,,,,,
2019-07-04,,,,,,
2019-07-07,,,,,,
2019-07-08,,,,,,
2019-07-09,,,,,,
2019-07-10,,,,,,
2019-07-11,,,,,,
2019-07-14,,,,,,
2019-07-15,,,,,,
2019-07-16,,,,,,
2019-07-17,,,,,,
2019-07-18,,,,,,
2019-07-21,,,,,,
2019-07-22,,,,,,
2019-07-23,,,,,,
2019-07-24,,,,,,
2019-07-25,,,,,,
2019-07-28,,,,,,
2019-07-29,,,,,,
2019-07-30,,,,,,
2019-07-31,,,,,,
2019-08-01,,,,,,
2019-08-04,,,,,,
2019-08-05,,,,,,
2019-08-06,,,,,,
2019-08-07,,,,,,
2019-08-08,,,,,,
2019-08-11,,,,,,
2019-08-12,,,,,,
2019-08-13,,,,,,
2019-08-14,,,,,,
2019-08-15,,,,,,
2019-08-18,,,,,,
2019-08-19,,,,,,
2019-08-20,,,,,,
2019-08-21,,,,,,
2019-08-22,,,,,,
2019-08-25,,,,,,
2019-08-26,,,,,,
2019-08-27,,,,,,
2019-08-28,,,,,,
2019-08-29,,,,,,
2019-09-01,,,,,,
2019-09-02,,,,,,
2019-09-03,,,,,,
2019-09-04,,,,,,
2019-09-05,,,,,,
2019-09-08,,,,,,
2019-09-09,,,,,,
2019-09-10,,,,,,
2019-09-11,,,,,,
2019-09-12,,,,,,
2019-09-15,,,,,,
2019-09-16,,,,,,
2019-09-17,,,,,,
2019-09-18,,,,,,
2019-09-19,,,,,,
2019-09-22,,,,,,
2019-09-24,,,,,,
2019-09-25,,,,,,
2019-09-26,,,,,,
2019-09-29,,,,,,
2019-09-30,,,,,,
2019-10-01,,,,,,
2019-10-02,,,,,,
2019-10-03,,,,,,
2019-10-06,,,,,,
2019-10-07,,,,,,
2019-10-08,,,,,,
2019-10-09,,,,,,
2019-10-10,,,,,,
2019-10-13,,,,,,
2019-10-14,,,,,,
2019-10-15,,,,,,
2019-10-16,,,,,,
2019-10-17,,,,,,
2019-10-20,,,,,,
2019-10-21,,,,,,
2019-10-22,,,,,,
2019-10-23,,,,,,
2019-10-24,,,,,,
2019-10-27,,,,,,
2019-10-28,,,,,,
2019-10-29,,,,,,
2019-10-30,,,,,,
2019-10-31,,,,,,
2019-11-03,,,,,,
2019-11-04,,,,,,
2019-11-05,,,,,,
2019-11-06,,,,,,
2019-11-07,,,,,,
2019-11-10,,,,,,
2019-11-11,,,,,,
2019-11-12,,,,,,
2019-11-13,,,,,,
2019-11-14,,,,,,
2019-11-17,,,,,,
2019-11-18,,,,,,
2019-11-19,,,,,,
2019-11-20,,,,,,
2019-11-21,,,,,,
2019-11-24,,,,,,
2019-11-25,,,,,,
2019-11-26,,,,,,
2019-11-27,,,,,,
2019-11-28,,,,,,
2019-12-01,,,,,,
2019-12-02,,,,,,
2019-12-03,,,,,,
2019-12-04,,,,,,
2019-12-05,,,,,,
2019-12-08,,,,,,
2019-12-09,,,,,,
2019-12-10,,,,,,
2019-12-11,,,,,,
2019-12-12,,,,,,
2019-12-15,,,,,,
2019-12-16,,,,,,
2019-12-17,,,,,,
2019-12-18,,,,,,
2019-12-19,,,,,,
2019-12-22,,,,,,
2019-12-23,,,,,,
2019-12-24,,,,,,
2019-12-25,,,,,,
2019-12-26,,,,,,
2019-12-29,,,,,,
2019-12-30,,,,,,
2019-12-31,,,,,,
2020-01-01,,,,,,
2020-01-02,,,,,,
2020-01-05,,,,,,
2020-01-06,,,,,,
2020-01-07,,,,,,
2020-01-08,,,,,,
2020-01-09,,,,,,
2020-01-12,,,,,,
2020-01-13,,,,,,
2020-01-14,,,,,,
2020-01-15,,,,,,
2020-01-16,,,,,,
2020-01-19,,,,,,
2020-01-20,,,,,,
2020-01-21,,,,,,
2020-01-22,,,,,,
2020-01-23,,,,,,
2020-01-26,,,,,,
2020-01-27,,,,,,
2020-01-28,,,,,,
2020-01-29,,,,,,
2020-01-30,,,,,,
2020-02-02,,,,,,
2020-02-03,,,,,,
2020-02-04,,,,,,
2020-02-05,,,,,,
2020-02-06,,,,,,
2020-02-09,,,,,,
2020-02-10,,,,,,
2020-02-11,,,,,,
2020-02-12,,,,,,
2020-02-13,,,,,,
2020-02-16,,,,,,
2020-02-17,,,,,,
2020-02-18,,,,,,
2020-02-19,,,,,,
2020-02-20,,,,,,
2020-02-23,,,,,,
2020-02-24,,,,,,
2020-02-25,,,,,,
2020-02-26,,,,,,
2020-02-27,,,,,,
2020-03-01,,,,,,
2020-03-02,,,,,,
2020-03-03,,,,,,
2020-03-04,,,,,,
2020-03-05,,,,,,
2020-03-08,,,,,,
2020-03-09,,,,,,
2020-03-10,,,,,,
2020-03-11,,,,,,
2020-03-12,,,,,,
2020-03-15,,,,,,
2020-03-16,,,,,,
2020-03-17,,,,,,
2020-03-18,,,,,,
2020-03-19,,,,,,
2020-03-22,,,,,,
2020-03-23,,,,,,
2020-03-24,,,,,,
2020-03-25,,,,,,
2020-03-26,,,,,,
2020-03-29,,,,,,
2020-03-30,,,,,,
2020-03-31,,,,,,
2020-04-01,,,,,,
2020-04-02,,,,,,
2020-04-05,,,,,,
2020-04-06,,,,,,
2020-04-07,,,,,,
2020-04-08,,,,,,
2020-04-09,,,,,,
2020-04-12,,,,,,
2020-04-13,,,,,,
2020-04-14,,,,,,
2020-04-15,,,,,,
2020-04-16,,,,,,
2020-04-19,,,,,,
2020-04-20,,,,,,
2020-04-21,,,,,,
2020-04-22,,,,,,
2020-04-23,,,,,,
2020-04-26,,,,,,
2020-04-27,,,,,,
2020-04-28,,,,,,
2020-04-29,,,,,,
2020-04-30,,,,,,
2020-05-03,,,,,,
2020-05-04,,,,,,
2020-05-05,,,,,,
2020-05-06,,,,,,
2020-05-07,,,,,,
2020-05-10,,,,,,
2020-05-11,,,,,,
2020-05-12,,,,,,
2020-05-13,,,,,,
2020-05-14,,,,,,
2020-05-17,,,,,,
2020-05-18,,,,,,
2020-05-19,,,,,,
2020-05-20,,,,,,
2020-05-21,,,,,,
2020-05-31,,,,,,
2020-06-01,,,,,,
2020-06-02,,,,,,
2020-06-03,,,,,,
2020-06-04,,,,,,
2020-06-07,,,,,,
2020-06-08,,,,,,
2020-06-09,,,,,,
2020-06-10,,,,,,
2020-06-11,,,,,,
2020-06-14,,,,,,
2020-06-15,,,,,,
2020-06-16,,,,,,
2020-06-17,,,,,,
2020-06-18,,,,,,
2020-06-21,,,,,,
2020-06-22,,,,,,
2020-06-23,,,,,,
2020-06-24,,,,,,
2020-06-25,,,,,,
2020-06-28,,,,,,
2020-06-29,,,,,,
2020-06-30,,,,,,
2020-07-01,,,,,,
2020-07-02,,,,,,
2020-07-05,,,,,,
2020-07-06,,,,,,
2020-07-07,,,,,,
2020-07-08,,,,,,
2020-07-09,,,,,,
2020-07-12,,,,,,
2020-07-13,,,,,,
2020-07-14,,,,,,
2020-07-15,,,,,,
2020-07-16,,,,,,
2020-07-19,,,,,,
2020-07-20,,,,,,
2020-07-21,,,,,,
2020-07-22,,,,,,
2020-07-23,,,,,,
2020-07-26,,,,,,
2020-07-27,,,,,,
2020-07-28,,,,,,
2020-08-05,,,,,,
2020-08-06,,,,,,
2020-08-09,,,,,,
2020-08-10,,,,,,
2020-08-11,,,,,,
2020-08-12,,,,,,
2020-08-13,,,,,,
2020-08-16,,,,,,
2020-08-17,,,,,,
2020-08-18,,,,,,
2020-08-19,,,,,,
2020-08-20,,,,,,
2020-08-23,,,,,,
2020-08-24,,,,,,
2020-08-25,,,,,,
2020-08-26,,,,,,
2020-08-27,,,,,,
2020-08-30,,,,,,
2020-08-31,,,,,,
2020-09-01,,,,,,
2020-09-02,,,,,,
2020-09-03,,,,,,
2020-09-06,,,,,,
2020-09-07,,,,,,
2020-09-08,,,,,,
2020-09-09,,,,,,
2020-09-10,,,,,,
2020-09-13,,,,,,
2020-09-14,,,,,,
2020-09-15,,,,,,
2020-09-16,,,,,,
2020-09-17,,,,,,
2020-09-20,,,,,,
2020-09-21,,,,,,
2020-09-22,,,,,,
2020-09-24,,,,,,
2020-09-27,,,,,,
2020-09-28,,,,,,
2020-09-29,,,,,,
2020-09-30,,,,,,
2020-10-01,,,,,,
2020-10-04,,,,,,
2020-10-05,,,,,,
2020-10-06,,,,,,
2020-10-07,,,,,,
2020-10-08,,,,,,
2020-10-11,,,,,,
2020-10-12,,,,,,
2020-10-13,,,,,,
2020-10-14,,,,,,
2020-10-15,,,,,,
2020-10-18,,,,,,
2020-10-19,,,,,,
2020-10-20,,,,,,
2020-10-21,,,,,,
2020-10-22,,,,,,
2020-10-25,,,,,,
2020-10-26,,,,,,
2020-10-27,,,,,,
2020-10-28,,,,,,
2020-10-29,,,,,,
2020-11-01,,,,,,
2020-11-02,,,,,,
2020-11-03,,,,,,
2020-11-04,,,,,,
2020-11-05,,,,,,
2020-11-08,,,,,,
2020-11-09,,,,,,
2020-11-10,,,,,,
2020-11-11,,,,,,
2020-11-12,,,,,,
2020-11-15,,,,,,
2020-11-16,,,,,,
2020-11-17,,,,,,
2020-11-18,,,,,,
2020-11-19,,,,,,
2020-11-22,,,,,,
2020-11-23,,,,,,
2020-11-24,,,,,,
2020-11-25,,,,,,
2020-11-26,,,,,,
2020-11-29,,,,,,
2020-11-30,,,,,,
2020-12-01,,,,,,
2020-12-02,,,,,,
2020-12-03,,,,,,
2020-12-06,,,,,,
2020-12-07,,,,,,
2020-12-08,,,,,,
2020-12-09,,,,,,
2020-12-10,,,,,,
2020-12-13,,,,,,
2020-12-14,,,,,,
2020-12-15,,,,,,
2020-12-16,,,,,,
2020-12-17,,,,,,
2020-12-20,,,,,,
2020-12-21,,,,,,
2020-12-22,,,,,,
2020-12-23,,,,,,
2020-12-24,,,,,,
2020-12-27,,,,,,
2020-12-28,,,,,,
2020-12-29,,,,,,
2020-12-30,,,,,,
2020-12-31,,,,,,
2021-01-03,,,,,,
2021-01-04,,,,,,
2021-01-05,,,,,,
2021-01-06,,,,,,
2021-01-07,,,,,,
2021-01-10,,,,,,
2021-01-11,,,,,,
2021-01-12,,,,,,
2021-01-13,,,,,,
2021-01-14,,,,,,
2021-01-17,,,,,,
2021-01-18,,,,,,
2021-01-19,,,,,,
2021-01-20,,,,,,
2021-01-21,,,,,,
2021-01-24,,,,,,
2021-01-25,,,,,,
2021-01-26,,,,,,
2021-01-27,,,,,,
2021-01-28,,,,,,
2021-01-31,,,,,,
2021-02-01,,,,,,
2021-02-02,,,,,,
2021-02-03,,,,,,
2021-02-04,,,,,,
2021-02-07,,,,,,
2021-02-08,,,,,,
2021-02-09,,,,,,
2021-02-10,,,,,,
2021-02-11,,,,,,
2021-02-14,,,,,,
2021-02-15,,,,,,
2021-02-16,,,,,,
2021-02-17,,,,,,
2021-02-18,,,,,,
2021-02-21,,,,,,
2021-02-22,,,,,,
2021-02-23,,,,,,
2021-02-24,,,,,,
2021-02-25,,,,,,
2021-02-28,,,,,,
2021-03-01,,,,,,
2021-03-02,,,,,,
2021-03-03,,,,,,
2021-03-04,,,,,,
2021-03-07,,,,,,
2021-03-08,,,,,,
2021-03-09,,,,,,
2021-03-10,,,,,,
2021-03-11,,,,,,
2021-03-14,,,,,,
2021-03-15,,,,,,
2021-03-16,,,,,,
2021-03-17,,,,,,
2021-03-18,,,,,,
2021-03-21,,,,,,
2021-03-22,,,,,,
2021-03-23,,,,,,
2021-03-24,,,,,,
2021-03-25,,,,,,
2021-03-28,,,,,,
2021-03-29,,,,,,
2021-03-30,,,,,,
2021-03-31,,,,,,
2021-04-01,,,,,,
2021-04-04,,,,,,
2021-04-05,,,,,,
2021-04-06,,,,,,
2021-04-07,,,,,,
2021-04-08,,,,,,
2021-04-11,,,,,,
2021-04-12,,,,,,
2021-04-13,,,,,,
2021-04-14,,,,,,
2021-04-15,,,,,,
2021-04-18,,,,,,
2021-04-19,,,,,,
2021-04-20,,,,,,
2021-04-21,,,,,,
2021-04-22,,,,,,
2021-04-25,,,,,,
2021-04-26,,,,,,
2021-04-27,,,,,,
2021-04-28,,,,,,
2021-04-29,,,,,,
2021-05-02,,,,,,
2021-05-03,,,,,,
2021-05-04,,,,,,
2021-05-05,,,,,,
2021-05-06,,,,,,
2021-05-09,,,,,,
2021-05-10,,,,,,
2021-05-17,,,,,,
2021-05-18,,,,,,
2021-05-19,,,,,,
2021-05-20,,,,,,
2021-05-23,,,,,,
2021-05-24,,,,,,
2021-05-25,,,,,,
2021-05-26,,,,,,
2021-05-27,,,,,,
2021-05-30,,,,,,
2021-05-31,,,,,,
2021-06-01,,,,,,
2021-06-02,,,,,,
2021-06-03,,,,,,
2021-06-06,,,,,,
2021-06-07,,,,,,
2021-06-08,,,,,,
2021-06-09,,,,,,
2021-06-10,,,,,,
2021-06-13,,,,,,
2021-06-14,,,,,,
2021-06-15,,,,,,
2021-06-16,,,,,,
2021-06-17,,,,,,
2021-06-20,,,,,,
2021-06-21,,,,,,
2021-06-22,,,,,,
2021-06-23,,,,,,
2021-06-24,,,,,,
2021-06-27,,,,,,
2021-06-28,,,,,,
2021-06-29,,,,,,
2021-06-30,,,,,,
2021-07-01,,,,,,
2021-07-04,,,,,,
2021-07-05,,,,,,
2021-07-06,,,,,,
2021-07-07,,,,,,
2021-07-08,,,,,,
2021-07-11,,,,,,
2021-07-12,,,,,,
2021-07-13,,,,,,
2021-07-14,,,,,,
2021-07-15,,,,,,
2021-07-25,,,,,,
2021-07-26,,,,,,
2021-07-27,,,,,,
2021-07-28,,,,,,
2021-07-29,,,,,,
2021-08-01,,,,,,
2021-08-02,,,,,,
2021-08-03,,,,,,
2021-08-04,,,,,,
2021-08-05,,,,,,
2021-08-08,,,,,,
2021-08-09,,,,,,
2021-08-10,,,,,,
2021-08-11,,,,,,
2021-08-12,,,,,,
2021-08-15,,,,,,
2021-08-16,,,,,,
2021-08-17,,,,,,
2021-08-18,,,,,,
2021-08-19,,,,,,
2021-08-22,,,,,,
2021-08-23,,,,,,
2021-08-24,,,,,,
2021-08-25,,,,,,
2021-08-26,,,,,,
2021-08-29,,,,,,
2021-08-30,,,,,,
2021-08-31,,,,,,
2021-09-01,,,,,,
2021-09-02,,,,,,
2021-09-05,,,,,,
2021-09-06,,,,,,
2021-09-07,,,,,,
2021-09-08,,,,,,
2021-09-09,,,,,,
2021-09-12,,,,,,
2021-09-13,,,,,,
2021-09-14,,,,,,
2021-09-15,,,,,,
2021-09-16,,,,,,
2021-09-19,,,,,,
2021-09-20,,,,,,
2021-09-21,,,,,,
2021-09-22,,,,,,
2021-09-26,,,,,,
2021-09-27,,,,,,
2021-09-28,,,,,,
2021-09-29,,,,,,
2021-09-30,,,,,,
2021-10-03,,,,,,
2021-10-04,,,,,,
2021-10-05,,,,,,
2021-10-06,,,,,,
2021-10-07,,,,,,
2021-10-10,,,,,,
2021-10-11,,,,,,
2021-10-12,,,,,,
2021-10-13,,,,,,
2021-10-14,,,,,,
2021-10-17,,,,,,
2021-10-18,,,,,,
2021-10-19,,,,,,
2021-10-20,,,,,,
2021-10-21,,,,,,
2021-10-24,,,,,,
2021-10-25,,,,,,
2021-10-26,,,,,,
2021-10-27,,,,,,
2021-10-28,,,,,,
2021-10-31,,,,,,
2021-11-01,,,,,,
2021-11-02,,,,,,
2021-11-03,,,,,,
2021-11-04,,,,,,
2021-11-07,,,,,,
2021-11-08,,,,,,
2021-11-09,,,,,,
2021-11-10,,,,,,
2021-11-11,,,,,,
2021-11-14,,,,,,
2021-11-15,,,,,,
2021-11-16,,,,,,
2021-11-17,,,,,,
2021-11-18,,,,,,
2021-11-21,,,,,,
2021-11-22,,,,,,
2021-11-23,,,,,,
2021-11-24,,,,,,
2021-11-25,,,,,,
2021-11-28,,,,,,
2021-11-29,,,,,,
2021-11-30,,,,,,
2021-12-01,,,,,,
2021-12-02,,,,,,
2021-12-05,,,,,,
2021-12-06,,,,,,
2021-12-07,,,,,,
2021-12-08,,,,,,
2021-12-09,,,,,,
2021-12-12,,,,,,
2021-12-13,,,,,,
2021-12-14,,,,,,
2021-12-15,,,,,,
2021-12-16,,,,,,
2021-12-19,79.09265899658203,79.9000015258789,82.0999984741211,78.19999694824219,78.80000305175781,2694520.0
2021-12-20,78.89468383789062,79.69999694824219,80.80000305175781,79.0,79.0,1707936.0
2021-12-21,79.58761596679688,80.4000015258789,81.19999694824219,80.0,80.30000305175781,1240470.0
2021-12-22,77.90478515625,78.69999694824219,81.0999984741211,78.4000015258789,80.9000015258789,1251026.0
2021-12-23,77.31084442138672,78.0999984741211,79.5,77.19999694824219,79.0,771098.0
2021-12-26,75.23207092285156,76.0,78.0,75.80000305175781,77.80000305175781,771929.0
2021-12-27,75.52903747558594,76.30000305175781,77.30000305175781,75.30000305175781,75.9000015258789,748278.0
2021-12-28,78.30074310302734,79.0999984741211,79.69999694824219,76.80000305175781,76.80000305175781,1908031.0
2021-12-29,78.89468383789062,79.69999694824219,80.80000305175781,77.69999694824219,79.0999984741211,1766929.0
2021-12-30,83.15123748779297,84.0,85.69999694824219,79.0999984741211,79.5999984741211,4031497.0
2022-01-02,84.14112854003906,85.0,87.4000015258789,84.5,84.5,2500084.0
2022-01-03,83.15123748779297,84.0,85.30000305175781,83.0999984741211,85.30000305175781,972660.0
2022-01-04,83.74517059326172,84.5999984741211,86.30000305175781,83.69999694824219,84.5,1357517.0
2022-01-05,82.95326232910156,83.80000305175781,84.9000015258789,83.5,84.9000015258789,603250.0
2022-01-06,83.05224609375,83.9000015258789,84.4000015258789,83.4000015258789,83.80000305175781,575806.0
2022-01-09,83.54719543457031,84.4000015258789,85.0999984741211,83.5999984741211,83.9000015258789,981883.0
2022-01-10,83.74517059326172,84.5999984741211,84.80000305175781,84.19999694824219,84.5,474061.0
2022-01-11,89.1895980834961,90.0999984741211,92.6999969482422,84.5999984741211,84.5999984741211,5324665.0
2022-01-12,89.38758087158203,90.3000030517578,91.0999984741211,89.0,90.1999969482422,1267637.0
2022-01-13,93.44615173339844,94.4000015258789,94.8000030517578,90.8000030517578,90.8000030517578,3758253.0
2022-01-16,102.7511749267578,103.8000030517578,103.8000030517578,95.0,95.0,5019630.0
2022-01-17,102.94915008544922,104.0,107.4000015258789,103.0,106.8000030517578,4123802.0
2022-01-18,100.9693603515625,102.0,105.8000030517578,101.0,104.8000030517578,2587240.0
2022-01-19,99.97946166992188,101.0,102.5999984741211,98.6999969482422,102.4000015258789,2105008.0
2022-01-20,98.0986557006836,99.0999984741211,101.0,99.0,101.0,1182708.0
2022-01-23,95.82190704345705,96.8000030517578,98.8000030517578,96.0999984741211,98.8000030517578,3116730.0
2022-01-24,96.41583251953124,97.4000015258789,99.6999969482422,96.8000030517578,96.8000030517578,2283774.0
2022-01-25,96.41583251953124,97.4000015258789,99.0,97.3000030517578,97.8000030517578,1762246.0
2022-01-26,96.41583251953124,97.4000015258789,97.4000015258789,97.4000015258789,97.4000015258789,0.0
2022-01-27,96.41583251953124,97.4000015258789,97.4000015258789,97.4000015258789,97.4000015258789,0.0
2022-01-30,98.98956298828124,100.0,101.5999984741211,100.0,100.1999969482422,589665.0
2022-01-31,100.17743682861328,101.1999969482422,102.4000015258789,99.5999984741211,100.1999969482422,1451759.0
2022-02-01,99.38552856445312,100.4000015258789,101.8000030517578,100.0,101.1999969482422,421886.0
2022-02-02,98.69259643554688,99.6999969482422,100.5999984741211,99.6999969482422,100.4000015258789,560166.0
2022-02-03,98.98956298828124,100.0,100.4000015258789,99.5999984741211,99.5999984741211,351445.0
2022-02-06,98.98956298828124,100.0,101.0,99.8000030517578,100.0,660740.0
2022-02-07,98.98956298828124,100.0,101.1999969482422,99.8000030517578,100.1999969482422,500273.0
2022-02-08,98.98956298828124,100.0,100.4000015258789,99.9000015258789,100.0,419682.0
2022-02-09,99.38552856445312,100.4000015258789,100.8000030517578,99.5,99.5,348654.0
2022-02-10,98.98956298828124,100.0,100.8000030517578,99.6999969482422,100.0,467184.0
2022-02-13,97.40573120117188,98.4000015258789,99.4000015258789,97.3000030517578,99.0,801343.0
2022-02-14,97.70269775390624,98.6999969482422,99.9000015258789,98.1999969482422,98.3000030517578,795305.0
2022-02-15,98.19764709472656,99.1999969482422,99.6999969482422,98.0,98.8000030517578,664495.0
2022-02-16,99.97946166992188,101.0,102.5999984741211,99.0,99.1999969482422,1683036.0
2022-02-17,98.79158782958984,99.8000030517578,102.4000015258789,99.8000030517578,101.4000015258789,1116739.0
2022-02-20,97.00977325439452,98.0,100.0,97.9000015258789,99.8000030517578,620251.0
2022-02-21,97.70269775390624,98.6999969482422,99.6999969482422,97.9000015258789,98.0,593763.0
2022-02-23,97.99967193603516,99.0,99.9000015258789,98.4000015258789,98.6999969482422,556426.0
2022-02-24,95.72290802001952,96.6999969482422,97.8000030517578,94.0,97.0,759875.0
2022-02-27,98.49462127685548,99.5,100.4000015258789,98.0,98.0,779231.0
2022-02-28,98.98956298828124,100.0,101.0,98.5999984741211,99.5,891325.0
2022-03-01,100.57339477539062,101.5999984741211,102.4000015258789,99.8000030517578,99.9000015258789,1389387.0
2022-03-02,101.56329345703124,102.5999984741211,106.0,101.0,102.0,2573513.0
2022-03-03,102.94915008544922,104.0,105.4000015258789,101.5999984741211,103.1999969482422,3935034.0
2022-03-06,101.1673355102539,102.1999969482422,104.0,101.5999984741211,104.0,1199626.0
2022-03-07,108.49256134033205,109.5999984741211,110.5999984741211,99.5999984741211,103.0,5107298.0
2022-03-08,112.05618286132812,113.1999969482422,118.0,109.0,110.1999969482422,7032407.0
2022-03-09,110.27437591552734,111.4000015258789,115.4000015258789,109.0,114.1999969482422,1549331.0
2022-03-10,112.4521484375,113.5999984741211,116.1999969482422,111.8000030517578,111.8000030517578,1745447.0
2022-03-13,111.85820770263672,113.0,115.8000030517578,112.4000015258789,114.0,1069793.0
2022-03-14,109.87841796875,111.0,114.5999984741211,110.0,113.0,1463735.0
2022-03-15,106.71075439453124,107.8000030517578,112.4000015258789,107.5999984741211,111.0,1090953.0
2022-03-16,109.28447723388672,110.4000015258789,113.1999969482422,108.0,108.0,1020226.0
2022-03-17,108.09660339355467,109.1999969482422,112.0,109.1999969482422,110.4000015258789,1878330.0
2022-03-20,113.4420394897461,114.5999984741211,115.0,108.8000030517578,110.5999984741211,1923261.0
2022-03-21,115.81779479980467,117.0,120.0,115.1999969482422,115.1999969482422,4564416.0
2022-03-22,120.17333984375,121.4000015258789,121.5999984741211,117.0,117.5999984741211,2035049.0
2022-03-23,118.19354248046876,119.4000015258789,123.8000030517578,118.0,121.5999984741211,1533042.0
2022-03-24,118.19354248046876,119.4000015258789,120.4000015258789,118.1999969482422,119.4000015258789,722535.0
2022-03-27,116.80768585205078,118.0,119.5999984741211,116.0,119.4000015258789,1205894.0
2022-03-28,125.91471862792967,127.1999969482422,127.8000030517578,118.0,118.0,3184393.0
2022-03-29,125.32079315185548,126.5999984741211,131.1999969482422,126.1999969482422,127.5999984741211,1814857.0
2022-03-30,126.7066421508789,128.0,128.8000030517578,126.4000015258789,126.8000030517578,1095858.0
2022-03-31,132.44802856445312,133.8000030517578,133.8000030517578,128.0,128.1999969482422,1971516.0
2022-04-03,142.5449676513672,144.0,144.0,133.0,135.0,2014811.0
2022-04-04,142.5449676513672,144.0,144.0,144.0,144.0,0.0
2022-04-05,172.43983459472656,174.1999969482422,174.1999969482422,160.8000030517578,161.0,2379045.0
2022-04-06,155.2156524658203,156.8000030517578,189.0,156.8000030517578,181.0,6438687.0
2022-04-07,139.7732696533203,141.1999969482422,149.60000610351562,141.1999969482422,144.0,3549114.0
2022-04-10,149.27626037597656,150.8000030517578,153.60000610351562,135.60000610351562,140.0,5663671.0
2022-04-11,141.95103454589844,143.39999389648438,153.0,142.60000610351562,153.0,2756998.0
2022-04-12,140.565185546875,142.0,148.60000610351562,138.60000610351562,143.1999969482422,2200898.0
2022-04-13,136.01165771484375,137.39999389648438,144.60000610351562,137.0,142.0,1514734.0
2022-04-14,139.37730407714844,140.8000030517578,142.39999389648438,137.39999389648438,137.60000610351562,1457316.0
2022-04-17,135.8136749267578,137.1999969482422,141.39999389648438,137.1999969482422,141.0,1220451.0
2022-04-18,136.60560607910156,138.0,141.0,137.39999389648438,137.39999389648438,1414416.0
2022-04-19,134.42784118652344,135.8000030517578,140.0,135.60000610351562,139.1999969482422,1251172.0
2022-04-20,133.6359100341797,135.0,138.1999969482422,134.60000610351562,135.8000030517578,1643305.0
2022-04-21,134.0318603515625,135.39999389648438,136.0,131.8000030517578,135.0,1719052.0
2022-04-24,137.00155639648438,138.39999389648438,142.39999389648438,133.8000030517578,135.39999389648438,2594706.0
2022-04-25,138.7833709716797,140.1999969482422,141.8000030517578,139.60000610351562,140.39999389648438,977077.0
2022-04-26,139.57528686523438,141.0,143.8000030517578,139.39999389648438,140.8000030517578,1216382.0
2022-04-27,143.33689880371094,144.8000030517578,146.60000610351562,140.1999969482422,142.0,1787659.0
2022-04-28,139.9712371826172,141.39999389648438,146.0,141.1999969482422,145.1999969482422,918609.0
2022-05-08,139.7732696533203,141.1999969482422,143.8000030517578,141.0,142.0,510094.0
2022-05-09,143.93081665039062,145.39999389648438,148.39999389648438,141.60000610351562,141.60000610351562,2014972.0
2022-05-10,141.7530517578125,143.1999969482422,146.60000610351562,141.8000030517578,144.39999389648438,1006730.0
2022-05-11,143.33689880371094,144.8000030517578,147.8000030517578,142.8000030517578,143.1999969482422,1264950.0
2022-05-12,141.55508422851562,143.0,145.1999969482422,139.0,145.0,1051476.0
2022-05-15,142.3470001220703,143.8000030517578,145.1999969482422,142.8000030517578,144.0,606210.0
2022-05-16,142.14901733398438,143.60000610351562,146.1999969482422,142.1999969482422,144.1999969482422,1171656.0
2022-05-17,139.9712371826172,141.39999389648438,144.1999969482422,136.1999969482422,143.0,1167513.0
2022-05-18,139.9712371826172,141.39999389648438,141.39999389648438,141.39999389648438,141.39999389648438,0.0
2022-05-19,127.4985580444336,128.8000030517578,136.8000030517578,128.60000610351562,135.0,1325873.0
2022-05-22,125.32079315185548,126.5999984741211,130.8000030517578,121.1999969482422,130.0,851398.0
2022-05-23,129.28038024902344,130.60000610351562,132.60000610351562,125.8000030517578,127.5999984741211,1241954.0
2022-05-24,137.79347229003906,139.1999969482422,139.1999969482422,130.60000610351562,130.60000610351562,1239797.0
2022-05-25,138.58538818359375,140.0,143.1999969482422,139.39999389648438,140.0,1218008.0
2022-05-26,139.7732696533203,141.1999969482422,143.39999389648438,138.8000030517578,138.8000030517578,1133640.0
2022-05-29,143.33689880371094,144.8000030517578,145.60000610351562,141.8000030517578,143.0,841000.0
2022-05-30,153.433837890625,155.0,156.0,145.39999389648438,145.8000030517578,2550360.0
2022-05-31,154.62168884277344,156.1999969482422,158.1999969482422,149.8000030517578,157.1999969482422,7812001.0
2022-06-01,150.46414184570312,152.0,158.0,151.8000030517578,158.0,1045061.0
2022-06-02,148.48435974121094,150.0,151.0,144.0,150.8000030517578,983263.0
2022-06-05,150.46414184570312,152.0,154.39999389648438,150.0,151.1999969482422,476483.0
2022-06-06,150.0681915283203,151.60000610351562,153.39999389648438,150.8000030517578,152.39999389648438,442159.0
2022-06-07,147.89039611816406,149.39999389648438,151.60000610351562,149.0,151.0,281556.0
2022-06-08,143.5348663330078,145.0,151.0,145.0,150.0,303624.0
2022-06-09,148.48435974121094,150.0,150.0,143.39999389648438,144.0,414255.0
2022-06-12,143.5348663330078,145.0,149.0,144.60000610351562,147.1999969482422,419711.0
2022-06-13,141.15911865234375,142.60000610351562,147.0,141.0,145.0,463292.0
2022-06-14,138.58538818359375,140.0,143.8000030517578,134.1999969482422,141.60000610351562,701376.0
2022-06-15,136.60560607910156,138.0,141.0,136.8000030517578,141.0,292146.0
2022-06-16,133.6359100341797,135.0,142.0,135.0,138.1999969482422,735694.0
2022-06-19,129.67633056640625,131.0,135.0,129.60000610351562,134.8000030517578,843140.0
2022-06-20,134.42784118652344,135.8000030517578,137.0,129.0,131.0,526159.0
2022-06-21,147.6924285888672,149.1999969482422,149.1999969482422,139.60000610351562,140.60000610351562,1431547.0
2022-06-22,144.52476501464844,146.0,157.39999389648438,145.0,155.0,1457537.0
2022-06-23,140.36720275878906,141.8000030517578,146.0,140.60000610351562,146.0,689629.0
2022-06-26,144.52476501464844,146.0,148.0,144.0,145.0,424822.0
2022-06-27,141.55508422851562,143.0,147.1999969482422,142.60000610351562,147.0,290625.0
2022-06-28,144.52476501464844,146.0,146.0,141.60000610351562,143.39999389648438,305627.0
2022-06-29,144.52476501464844,146.0,147.8000030517578,145.0,146.1999969482422,322701.0
2022-06-30,147.89039611816406,149.39999389648438,152.39999389648438,145.39999389648438,146.0,800096.0
2022-07-03,149.25360107421875,150.0,153.0,149.39999389648438,149.39999389648438,424591.0
2022-07-04,146.66651916503906,147.39999389648438,150.0,146.60000610351562,148.1999969482422,341586.0
2022-07-05,147.2635498046875,148.0,149.60000610351562,146.60000610351562,148.0,292252.0
2022-07-06,146.86553955078125,147.60000610351562,147.60000610351562,145.39999389648438,145.8000030517578,356728.0
2022-07-13,145.47250366210938,146.1999969482422,151.1999969482422,146.1999969482422,148.0,419699.0
2022-07-14,148.0595703125,148.8000030517578,149.0,146.39999389648438,146.39999389648438,220368.0
2022-07-17,149.05459594726562,149.8000030517578,151.0,149.1999969482422,150.0,240313.0
2022-07-18,151.84066772460938,152.60000610351562,153.0,149.60000610351562,150.0,565746.0
2022-07-19,159.20382690429688,160.0,161.0,152.1999969482422,152.8000030517578,953792.0
2022-07-20,166.36801147460938,167.1999969482422,167.1999969482422,158.8000030517578,160.1999969482422,970232.0
2022-07-21,173.13417053222656,174.0,178.8000030517578,166.0,167.0,1411390.0
2022-07-24,168.1590576171875,169.0,176.39999389648438,169.0,173.8000030517578,551772.0
2022-07-25,163.18392944335938,164.0,171.60000610351562,164.0,168.60000610351562,534382.0
2022-07-26,171.9401397705078,172.8000030517578,176.0,165.1999969482422,165.1999969482422,1062685.0
2022-07-27,172.5371551513672,173.39999389648438,177.8000030517578,172.0,173.0,874793.0
2022-07-28,173.93019104003906,174.8000030517578,178.8000030517578,174.0,176.0,533494.0
2022-07-31,172.13914489746094,173.0,177.0,173.0,176.1999969482422,293788.0
2022-08-01,175.1242218017578,176.0,176.0,173.1999969482422,174.0,365326.0
2022-08-02,172.5371551513672,173.39999389648438,175.8000030517578,172.8000030517578,175.8000030517578,361189.0
2022-08-03,174.1291961669922,175.0,175.1999969482422,169.60000610351562,172.60000610351562,496622.0
2022-08-04,172.33815002441406,173.1999969482422,175.8000030517578,172.39999389648438,175.0,258469.0
2022-08-07,170.54710388183594,171.39999389648438,173.0,170.60000610351562,173.0,193723.0
2022-08-08,171.34312438964844,172.1999969482422,174.39999389648438,171.0,171.0,177424.0
2022-08-09,171.54212951660156,172.39999389648438,174.0,171.8000030517578,172.39999389648438,235896.0
2022-08-10,173.13417053222656,174.0,175.8000030517578,171.60000610351562,172.39999389648438,438442.0
2022-08-11,173.3331756591797,174.1999969482422,176.8000030517578,174.0,175.8000030517578,537869.0
2022-08-14,171.34312438964844,172.1999969482422,174.60000610351562,171.0,174.39999389648438,215364.0
2022-08-15,170.9451141357422,171.8000030517578,174.8000030517578,171.1999969482422,172.1999969482422,334511.0
2022-08-16,172.7361602783203,173.60000610351562,178.60000610351562,172.0,172.0,1200057.0
2022-08-17,174.1291961669922,175.0,179.8000030517578,174.60000610351562,176.0,1064880.0
2022-08-18,174.1291961669922,175.0,176.8000030517578,173.39999389648438,175.0,614705.0
2022-08-21,173.93019104003906,174.8000030517578,178.0,174.1999969482422,175.0,679413.0
2022-08-22,173.73118591308594,174.60000610351562,176.60000610351562,173.8000030517578,174.8000030517578,395624.0
2022-08-23,171.34312438964844,172.1999969482422,176.39999389648438,171.8000030517578,173.8000030517578,436956.0
2022-08-24,174.1291961669922,175.0,175.0,171.0,172.1999969482422,612517.0
2022-08-25,174.1291961669922,175.0,176.1999969482422,174.0,175.0,460428.0
2022-08-28,173.5321807861328,174.39999389648438,175.60000610351562,171.8000030517578,171.8000030517578,265260.0
2022-08-29,173.73118591308594,174.60000610351562,175.0,173.1999969482422,174.1999969482422,222933.0
2022-08-30,175.9202423095703,176.8000030517578,181.1999969482422,173.60000610351562,174.60000610351562,3249337.0
2022-08-31,174.1291961669922,175.0,177.60000610351562,171.0,176.60000610351562,2025845.0
2022-09-01,171.1441192626953,172.0,176.39999389648438,170.39999389648438,174.0,1190777.0
2022-09-04,166.76602172851562,167.60000610351562,173.1999969482422,167.1999969482422,171.60000610351562,761076.0
2022-09-05,159.99986267089844,160.8000030517578,168.1999969482422,160.8000030517578,166.0,862549.0
2022-09-06,155.42274475097656,156.1999969482422,163.0,156.1999969482422,160.39999389648438,1030792.0
2022-09-07,161.98989868164062,162.8000030517578,164.60000610351562,153.60000610351562,155.60000610351562,2443730.0
2022-09-08,159.99986267089844,160.8000030517578,164.60000610351562,156.60000610351562,164.60000610351562,793480.0
2022-09-11,160.79588317871094,161.60000610351562,164.0,161.0,164.0,352777.0
2022-09-12,159.20382690429688,160.0,162.0,159.0,160.60000610351562,272415.0
2022-09-13,161.79090881347656,162.60000610351562,163.0,159.60000610351562,160.1999969482422,353623.0
2022-09-14,158.40780639648438,159.1999969482422,161.0,158.0,159.0,354952.0
2022-09-15,158.2088165283203,159.0,161.60000610351562,157.39999389648438,161.0,1744956.0
2022-09-18,146.66651916503906,147.39999389648438,157.8000030517578,147.0,157.8000030517578,781129.0
2022-09-19,151.24363708496094,152.0,153.0,142.8000030517578,147.0,590787.0
2022-09-20,153.03468322753906,153.8000030517578,158.0,152.0,153.0,518197.0
2022-09-21,149.4525909423828,150.1999969482422,155.8000030517578,147.60000610351562,153.8000030517578,341969.0
2022-09-25,147.2635498046875,148.0,149.1999969482422,146.0,147.39999389648438,298269.0
2022-09-26,149.4525909423828,150.1999969482422,152.60000610351562,146.60000610351562,147.0,523754.0
2022-09-27,155.42274475097656,156.1999969482422,157.8000030517578,150.1999969482422,150.1999969482422,581919.0
2022-09-28,163.58193969726562,164.39999389648438,166.1999969482422,158.39999389648438,159.0,770040.0
2022-09-29,167.16403198242188,168.0,168.0,165.0,165.0,514227.0
2022-10-02,166.16900634765625,167.0,168.8000030517578,166.39999389648438,168.0,656791.0
2022-10-03,167.16403198242188,168.0,169.8000030517578,166.1999969482422,166.1999969482422,571844.0
2022-10-04,167.16403198242188,168.0,168.0,168.0,168.0,0.0
2022-10-05,164.77597045898438,165.60000610351562,169.1999969482422,164.1999969482422,168.60000610351562,232087.0
2022-10-06,164.37796020507812,165.1999969482422,166.8000030517578,165.0,165.0,164813.0
2022-10-09,160.1988525390625,161.0,165.0,160.0,165.0,146818.0
2022-10-10,160.39785766601562,161.1999969482422,162.8000030517578,158.39999389648438,160.0,168042.0
2022-10-11,161.39288330078125,162.1999969482422,163.0,159.8000030517578,163.0,139663.0
2022-10-12,160.39785766601562,161.1999969482422,164.0,161.1999969482422,162.39999389648438,210083.0
2022-10-13,159.0048370361328,159.8000030517578,161.8000030517578,159.8000030517578,161.0,118691.0
2022-10-16,156.4177703857422,157.1999969482422,160.8000030517578,156.8000030517578,160.8000030517578,120997.0
2022-10-17,165.17398071289062,166.0,169.0,157.39999389648438,157.60000610351562,783602.0
2022-10-18,170.1490936279297,171.0,171.39999389648438,166.8000030517578,166.8000030517578,654699.0
2022-10-19,169.7510986328125,170.60000610351562,172.8000030517578,170.0,171.0,438059.0
2022-10-20,171.1441192626953,172.0,172.8000030517578,169.60000610351562,169.60000610351562,357265.0
2022-10-23,174.72621154785156,175.60000610351562,175.60000610351562,173.0,173.0,486107.0
2022-10-24,182.28839111328125,183.1999969482422,184.8000030517578,174.8000030517578,175.39999389648438,1216320.0
2022-10-25,176.11924743652344,177.0,185.3999938964844,175.0,183.6000061035156,585383.0
2022-10-26,179.5023193359375,180.3999938964844,183.0,177.0,177.8000030517578,569066.0
2022-10-27,175.1242218017578,176.0,181.8000030517578,176.0,180.8000030517578,212751.0
2022-10-30,174.52719116210938,175.39999389648438,179.0,175.39999389648438,177.0,118978.0
2022-10-31,174.52719116210938,175.39999389648438,175.39999389648438,175.39999389648438,175.39999389648438,0.0
2022-11-01,172.93516540527344,173.8000030517578,175.0,170.0,174.1999969482422,165575.0
2022-11-02,176.3182373046875,177.1999969482422,177.1999969482422,169.60000610351562,173.8000030517578,246837.0
2022-11-03,171.1441192626953,172.0,176.0,171.60000610351562,172.0,306239.0
2022-11-06,171.1441192626953,172.0,174.8000030517578,171.60000610351562,174.8000030517578,232861.0
2022-11-07,167.16403198242188,168.0,171.60000610351562,165.1999969482422,171.60000610351562,317340.0
2022-11-08,160.59686279296875,161.39999389648438,169.0,160.39999389648438,167.0,435236.0
2022-11-09,153.83070373535156,154.60000610351562,161.39999389648438,151.60000610351562,161.39999389648438,765462.0
2022-11-10,150.44761657714844,151.1999969482422,156.60000610351562,150.0,154.60000610351562,415374.0
2022-11-13,153.83070373535156,154.60000610351562,156.0,152.60000610351562,156.0,341672.0
2022-11-14,151.24363708496094,152.0,156.0,148.0,156.0,254164.0
2022-11-15,148.4575653076172,149.1999969482422,153.0,148.1999969482422,153.0,212797.0
2022-11-16,146.86553955078125,147.60000610351562,149.8000030517578,143.0,149.8000030517578,517196.0
2022-11-17,143.88047790527344,144.60000610351562,148.0,144.60000610351562,147.60000610351562,280436.0
2022-11-20,140.09938049316406,140.8000030517578,145.0,140.0,144.60000610351562,147677.0
2022-11-21,137.1143035888672,137.8000030517578,140.60000610351562,136.1999969482422,140.0,431541.0
2022-11-22,139.10435485839844,139.8000030517578,139.8000030517578,136.1999969482422,137.8000030517578,406987.0
2022-11-24,140.69638061523438,141.39999389648438,145.1999969482422,134.39999389648438,140.0,3293458.0
2022-11-27,137.1143035888672,137.8000030517578,141.8000030517578,136.39999389648438,141.8000030517578,143797.0
2022-11-28,134.52723693847656,135.1999969482422,137.39999389648438,135.1999969482422,135.1999969482422,303988.0
2022-11-29,133.73121643066406,134.39999389648438,138.60000610351562,134.1999969482422,136.0,274444.0
2022-11-30,133.73121643066406,134.39999389648438,134.39999389648438,134.39999389648438,134.39999389648438,0.0
2022-12-01,133.73121643066406,134.39999389648438,134.39999389648438,134.39999389648438,134.39999389648438,0.0
2022-12-04,135.32325744628906,136.0,138.8000030517578,135.60000610351562,137.1999969482422,171093.0
2022-12-05,129.35311889648438,130.0,136.1999969482422,130.0,136.0,388107.0
2022-12-06,132.73619079589844,133.39999389648438,134.60000610351562,128.0,130.0,296734.0
2022-12-07,131.1441650390625,131.8000030517578,134.8000030517578,130.1999969482422,133.60000610351562,187906.0
2022-12-08,131.5421600341797,132.1999969482422,133.0,129.0,132.0,225519.0
2022-12-11,137.3133087158203,138.0,144.8000030517578,134.0,134.0,924839.0
2022-12-12,141.29339599609375,142.0,142.1999969482422,138.60000610351562,138.60000610351562,534488.0
2022-12-13,142.28842163085938,143.0,145.0,142.60000610351562,142.60000610351562,464943.0
2022-12-14,140.89540100097656,141.60000610351562,144.39999389648438,141.60000610351562,143.0,357754.0
2022-12-15,148.25857543945312,149.0,149.0,141.0,141.1999969482422,843660.0
2022-12-18,147.46255493164062,148.1999969482422,149.0,147.0,149.0,262751.0
2022-12-19,147.2635498046875,148.0,153.39999389648438,146.1999969482422,150.0,537441.0
2022-12-20,150.64662170410156,151.39999389648438,152.0,146.8000030517578,147.0,292984.0
2022-12-21,147.86056518554688,148.60000610351562,152.39999389648438,148.60000610351562,151.39999389648438,225423.0
2022-12-22,148.4575653076172,149.1999969482422,150.39999389648438,149.0,149.0,81398.0
2022-12-25,148.4575653076172,149.1999969482422,151.60000610351562,149.0,149.0,116857.0
2022-12-26,149.85061645507812,150.60000610351562,151.60000610351562,149.0,149.1999969482422,132857.0
2022-12-27,149.05459594726562,149.8000030517578,150.8000030517578,149.1999969482422,150.8000030517578,107940.0
2022-12-28,150.2486114501953,151.0,152.0,149.1999969482422,150.0,197149.0
2022-12-29,151.24363708496094,152.0,154.0,151.0,151.0,233928.0
2023-01-01,154.2287139892578,155.0,156.0,153.0,153.60000610351562,122917.0
2023-01-02,155.8207550048828,156.60000610351562,157.60000610351562,154.0,154.0,189299.0
2023-01-03,155.8207550048828,156.60000610351562,156.60000610351562,156.60000610351562,156.60000610351562,0.0
2023-01-04,157.81080627441406,158.60000610351562,161.39999389648438,158.0,158.8000030517578,361626.0
2023-01-05,155.22373962402344,156.0,159.39999389648438,156.0,158.0,186474.0
2023-01-08,158.2088165283203,159.0,159.8000030517578,156.0,156.0,112357.0
2023-01-09,159.40283203125,160.1999969482422,160.39999389648438,158.8000030517578,159.0,234266.0
2023-01-10,160.1988525390625,161.0,161.39999389648438,159.1999969482422,160.1999969482422,144010.0
2023-01-11,160.59686279296875,161.39999389648438,162.39999389648438,160.60000610351562,160.8000030517578,121935.0
2023-01-12,160.99488830566406,161.8000030517578,162.0,160.60000610351562,162.0,137191.0
2023-01-15,160.99488830566406,161.8000030517578,161.8000030517578,161.8000030517578,161.8000030517578,0.0
2023-01-16,161.19387817382812,162.0,162.0,160.0,160.8000030517578,104700.0
2023-01-17,161.19387817382812,162.0,162.1999969482422,160.1999969482422,162.1999969482422,120211.0
2023-01-18,161.19387817382812,162.0,162.1999969482422,160.1999969482422,162.1999969482422,120211.0
2023-01-19,160.99488830566406,161.8000030517578,161.8000030517578,160.0,160.0,161608.0
2023-01-22,160.99488830566406,161.8000030517578,161.8000030517578,161.8000030517578,161.8000030517578,0.0
2023-01-23,154.42771911621094,155.1999969482422,161.39999389648438,155.1999969482422,161.1999969482422,253734.0
2023-01-24,155.22373962402344,156.0,158.1999969482422,155.1999969482422,156.0,146344.0
2023-01-25,155.22373962402344,156.0,156.39999389648438,155.0,156.0,112312.0
2023-01-26,154.8257293701172,155.60000610351562,156.8000030517578,155.39999389648438,155.8000030517578,81749.0
2023-01-29,150.04962158203125,150.8000030517578,155.0,149.60000610351562,154.60000610351562,255006.0
2023-01-30,152.4376678466797,153.1999969482422,153.60000610351562,149.8000030517578,150.8000030517578,258654.0
2023-01-31,150.84564208984375,151.60000610351562,152.60000610351562,150.60000610351562,152.60000610351562,187398.0
2023-02-01,147.6615447998047,148.39999389648438,151.0,148.1999969482422,151.0,188957.0
2023-02-02,147.2635498046875,148.0,148.8000030517578,141.39999389648438,141.39999389648438,241456.0
2023-02-05,146.06951904296875,146.8000030517578,147.8000030517578,144.1999969482422,146.1999969482422,64221.0
2023-02-06,147.46255493164062,148.1999969482422,148.1999969482422,145.0,146.0,125178.0
2023-02-07,147.2635498046875,148.0,149.8000030517578,147.60000610351562,148.1999969482422,164955.0
2023-02-08,147.86056518554688,148.60000610351562,149.1999969482422,147.0,148.0,57420.0
2023-02-09,143.48245239257812,144.1999969482422,149.0,144.0,148.0,105364.0
2023-02-12,143.48245239257812,144.1999969482422,144.1999969482422,144.1999969482422,144.1999969482422,0.0
2023-02-13,145.87051391601562,146.60000610351562,148.0,145.39999389648438,145.39999389648438,74994.0
2023-02-14,147.2635498046875,148.0,148.0,146.60000610351562,146.60000610351562,67859.0
2023-02-15,148.25857543945312,149.0,149.0,145.0,145.0,96551.0
2023-02-16,146.467529296875,147.1999969482422,150.8000030517578,147.1999969482422,148.60000610351562,104046.0
2023-02-19,144.47747802734375,145.1999969482422,148.0,145.0,147.39999389648438,49379.0
2023-02-20,141.0944061279297,141.8000030517578,146.0,141.60000610351562,145.39999389648438,81546.0
2023-02-21,137.9103240966797,138.60000610351562,142.8000030517578,137.60000610351562,141.8000030517578,135849.0
2023-02-23,138.1093292236328,138.8000030517578,139.8000030517578,136.0,138.60000610351562,89065.0
2023-02-26,136.3182830810547,137.0,139.60000610351562,136.60000610351562,139.0,46689.0
2023-02-27,130.54713439941406,131.1999969482422,137.60000610351562,131.1999969482422,137.0,222454.0
2023-02-28,138.70632934570312,139.39999389648438,139.39999389648438,132.0,132.0,419169.0
2023-03-01,136.5172882080078,137.1999969482422,141.0,136.0,139.39999389648438,200.0
2023-03-02,138.70632934570312,139.39999389648438,144.0,139.39999389648438,141.0,150.0
2023-03-05,139.90037536621094,140.60000610351562,142.8000030517578,140.0,142.8000030517578,230.0
2023-03-06,139.90037536621094,140.60000610351562,140.60000610351562,140.60000610351562,140.60000610351562,0.0
2023-03-07,139.90037536621094,140.60000610351562,140.60000610351562,140.60000610351562,140.60000610351562,0.0
2023-03-08,138.30833435058594,139.0,140.60000610351562,138.1999969482422,140.39999389648438,27258.0
2023-03-09,138.30833435058594,139.0,139.0,139.0,139.0,0.0
2023-03-12,138.30833435058594,139.0,139.0,139.0,139.0,0.0
2023-03-13,138.30833435058594,139.0,139.0,139.0,139.0,0.0
2023-03-14,135.92027282714844,136.60000610351562,139.0,135.39999389648438,138.0,150.0
2023-03-15,131.940185546875,132.60000610351562,135.8000030517578,132.1999969482422,134.60000610351562,158.0
2023-03-16,133.13421630859375,133.8000030517578,135.0,131.1999969482422,133.0,300.0
2023-03-19,133.13421630859375,133.8000030517578,133.8000030517578,133.8000030517578,133.8000030517578,0.0
2023-03-20,134.92526245117188,135.60000610351562,138.39999389648438,135.60000610351562,136.0,188.0
2023-03-21,138.1093292236328,138.8000030517578,139.39999389648438,136.39999389648438,136.8000030517578,150.0
2023-03-22,137.51231384277344,138.1999969482422,141.0,137.39999389648438,138.0,118.0
2023-03-23,138.50733947753906,139.1999969482422,139.60000610351562,136.1999969482422,138.39999389648438,172.0
2023-03-26,138.50733947753906,139.1999969482422,139.1999969482422,139.1999969482422,139.1999969482422,0.0
2023-03-27,138.50733947753906,139.1999969482422,139.1999969482422,139.1999969482422,139.1999969482422,0.0
2023-03-28,138.50733947753906,139.1999969482422,139.1999969482422,139.1999969482422,139.1999969482422,0.0
2023-03-29,138.50733947753906,139.1999969482422,139.1999969482422,139.1999969482422,139.1999969482422,0.0
2023-03-30,139.90037536621094,140.60000610351562,142.0,138.60000610351562,138.60000610351562,141.0
2023-04-02,139.90037536621094,140.60000610351562,140.60000610351562,140.60000610351562,140.60000610351562,0.0
2023-04-03,147.06454467773438,147.8000030517578,148.39999389648438,143.0,143.0,325.0
2023-04-04,148.0595703125,148.8000030517578,150.1999969482422,146.60000610351562,148.39999389648438,456.0
2023-04-05,147.6615447998047,148.39999389648438,149.39999389648438,147.0,149.39999389648438,1000.0
2023-04-06,146.26852416992188,147.0,148.60000610351562,146.1999969482422,148.0,221.0
2023-04-09,147.06454467773438,147.8000030517578,149.0,146.39999389648438,146.39999389648438,200.0
2023-04-10,146.467529296875,147.1999969482422,148.60000610351562,146.0,147.8000030517578,208.0
2023-04-11,145.27349853515625,146.0,147.8000030517578,144.8000030517578,147.1999969482422,295.0
2023-04-12,148.25857543945312,149.0,150.39999389648438,145.1999969482422,145.1999969482422,623.0
2023-04-13,146.86553955078125,147.60000610351562,149.8000030517578,147.1999969482422,149.0,136.0
2023-04-16,147.86056518554688,148.60000610351562,149.8000030517578,147.60000610351562,147.60000610351562,1134.0
2023-04-17,155.22373962402344,156.0,156.0,147.60000610351562,148.0,650.0
2023-04-25,156.21876525878906,157.0,160.0,153.8000030517578,158.0,100.0
2023-04-26,155.62173461914062,156.39999389648438,157.60000610351562,155.8000030517578,157.0,150.0
2023-04-27,155.8207550048828,156.60000610351562,157.1999969482422,155.0,156.8000030517578,150.0
2023-04-30,155.8207550048828,156.60000610351562,156.60000610351562,156.60000610351562,156.60000610351562,0.0
2023-05-01,155.8207550048828,156.60000610351562,156.60000610351562,156.60000610351562,156.60000610351562,0.0
2023-05-02,155.8207550048828,156.60000610351562,157.60000610351562,155.8000030517578,157.0,200.0
2023-05-03,157.2137908935547,158.0,158.1999969482422,155.0,155.8000030517578,100.0
2023-05-04,159.20382690429688,160.0,160.8000030517578,156.0,157.8000030517578,125.0
2023-05-07,162.5869140625,163.39999389648438,164.0,160.0,160.0,200.0
2023-05-08,160.39785766601562,161.1999969482422,167.0,161.1999969482422,164.0,106.0
2023-05-09,161.98989868164062,162.8000030517578,165.60000610351562,161.60000610351562,161.60000610351562,97.0
2023-05-10,161.98989868164062,162.8000030517578,165.1999969482422,161.8000030517578,163.0,334.0
2023-05-11,162.5869140625,163.39999389648438,164.8000030517578,161.60000610351562,164.8000030517578,100.0
2023-05-14,158.8058319091797,159.60000610351562,164.60000610351562,158.8000030517578,163.1999969482422,838.0
2023-05-15,154.42771911621094,155.1999969482422,159.60000610351562,155.0,159.60000610351562,394.0
2023-05-16,154.8257293701172,155.60000610351562,158.0,154.0,155.60000610351562,100.0
2023-05-17,154.2287139892578,155.0,155.8000030517578,154.1999969482422,155.60000610351562,968.0
2023-05-18,153.63169860839844,154.39999389648438,156.60000610351562,154.39999389648438,155.0,428.0
2023-05-21,154.62672424316406,155.39999389648438,156.0,152.39999389648438,154.39999389648438,500.0
2023-05-22,155.0247344970703,155.8000030517578,157.1999969482422,155.0,156.60000610351562,106.0
2023-05-23,154.2287139892578,155.0,157.0,154.39999389648438,157.0,5000.0
2023-05-24,152.6366729736328,153.39999389648438,155.0,151.39999389648438,155.0,240.0
2023-05-25,153.03468322753906,153.8000030517578,156.39999389648438,153.60000610351562,154.0,5089.0
2023-05-28,151.84066772460938,152.60000610351562,154.0,152.60000610351562,153.60000610351562,160.0
2023-05-29,150.2486114501953,151.0,152.8000030517578,151.0,152.60000610351562,200.0
2023-05-30,150.2486114501953,151.0,152.8000030517578,151.0,152.8000030517578,147.0
2023-05-31,148.4575653076172,149.1999969482422,151.0,149.0,151.0,201.0
2023-06-01,148.4575653076172,149.1999969482422,152.0,149.1999969482422,150.39999389648438,1177.0
2023-06-04,153.4326934814453,154.1999969482422,154.8000030517578,149.8000030517578,151.0,100.0
2023-06-05,155.62173461914062,156.39999389648438,158.0,154.1999969482422,154.1999969482422,250.0
2023-06-06,157.01478576660156,157.8000030517578,161.0,156.0,156.39999389648438,234.0
2023-06-07,154.42771911621094,155.1999969482422,158.60000610351562,155.1999969482422,158.39999389648438,100.0
2023-06-08,154.42771911621094,155.1999969482422,155.1999969482422,155.1999969482422,155.1999969482422,0.0
2023-06-11,152.835693359375,153.60000610351562,157.60000610351562,152.8000030517578,156.1999969482422,100.0
2023-06-12,154.8257293701172,155.60000610351562,156.39999389648438,153.8000030517578,154.8000030517578,500.0
2023-06-13,154.62672424316406,155.39999389648438,156.1999969482422,154.39999389648438,156.0,137.0
2023-06-14,156.21876525878906,157.0,159.8000030517578,155.0,155.39999389648438,99.0
2023-06-15,154.42771911621094,155.1999969482422,159.8000030517578,155.1999969482422,158.39999389648438,150.0
2023-06-18,156.01976013183594,156.8000030517578,158.1999969482422,155.39999389648438,156.60000610351562,116.0
2023-06-19,162.7859344482422,163.60000610351562,165.0,157.1999969482422,157.1999969482422,1349386.0
2023-06-20,163.78094482421875,164.60000610351562,164.8000030517578,161.39999389648438,164.0,488288.0
2023-06-21,164.9749755859375,165.8000030517578,168.1999969482422,163.8000030517578,164.60000610351562,515726.0
2023-06-22,165.97000122070312,166.8000030517578,168.0,165.1999969482422,165.60000610351562,417061.0
