Date,Adj Close.7,Close.7,High.7,Low.7,Open.7,Volume.7
2018-07-01,28.867502212524414,35.262489318847656,35.42498779296875,35.059364318847656,35.18124008178711,3743846
2018-07-02,28.70121192932129,35.059364318847656,35.262489318847656,34.97811508178711,35.262489318847656,5781168
2018-07-03,28.534927368164062,34.856239318847656,35.1406135559082,34.69374084472656,35.059364318847656,6945117
2018-07-04,28.534927368164062,34.856239318847656,35.1406135559082,34.5312385559082,34.7343635559082,6282886
2018-07-05,28.13583755493164,34.36874008178711,34.89686584472656,34.3281135559082,34.89686584472656,5421217
2018-07-08,28.16909408569336,34.40936279296875,34.61248779296875,34.043739318847656,34.36874008178711,6324437
2018-07-09,28.867502212524414,35.262489318847656,35.30311584472656,34.5312385559082,34.57186508178711,4577559
2018-07-10,29.26658821105957,35.7499885559082,36.03436279296875,35.262489318847656,35.262489318847656,6790862
2018-07-11,29.133563995361328,35.58749008178711,35.91249084472656,35.3437385559082,35.7499885559082,3448513
2018-07-12,29.033788681030273,35.465614318847656,35.465614318847656,35.1406135559082,35.465614318847656,5152230
2018-07-15,29.166812896728516,35.62811279296875,35.62811279296875,35.3437385559082,35.3437385559082,2561317
2018-07-16,29.73219108581543,36.31874084472656,36.3593635559082,35.79061508178711,35.83123779296875,9342850
2018-07-17,31.64089012145996,36.52186584472656,36.64373779296875,36.278114318847656,36.44061279296875,5578433
2018-07-18,31.7464656829834,36.64373779296875,36.7249870300293,36.278114318847656,36.5624885559082,4792478
2018-07-19,31.818456649780273,35.91249084472656,36.11561584472656,35.7499885559082,35.871864318847656,4339228
2018-07-22,31.998424530029297,36.11561584472656,36.19686508178711,35.91249084472656,35.9531135559082,3533322
2018-07-23,32.21438980102539,36.3593635559082,36.5624885559082,36.23748779296875,36.31874084472656,5728981
2018-07-24,31.96243667602539,36.074989318847656,36.3593635559082,35.91249084472656,36.3593635559082,2859131
2018-07-25,32.286376953125,36.44061279296875,36.481239318847656,35.9531135559082,35.9531135559082,3245224
2018-07-26,32.14240264892578,36.278114318847656,36.64373779296875,36.074989318847656,36.5624885559082,5593988
2018-07-29,32.03441619873047,36.1562385559082,36.3593635559082,35.91249084472656,36.3593635559082,3058299
2018-07-30,31.96243667602539,36.074989318847656,36.278114318847656,35.91249084472656,36.074989318847656,4560242
2018-07-31,31.818456649780273,35.91249084472656,36.3593635559082,35.91249084472656,36.074989318847656,4099102
2018-08-01,31.638490676879883,35.70936584472656,36.074989318847656,35.70936584472656,35.83123779296875,4682667
2018-08-02,31.386531829833984,35.42498779296875,35.91249084472656,35.42498779296875,35.7499885559082,5652988
2018-08-05,31.49451446533203,35.5468635559082,35.7499885559082,35.3437385559082,35.3437385559082,2926312
2018-08-06,31.602495193481445,35.668739318847656,35.7499885559082,35.42498779296875,35.42498779296875,3718071
2018-08-07,31.638490676879883,35.70936584472656,35.7499885559082,35.42498779296875,35.70936584472656,5691927
2018-08-08,31.458520889282227,35.50624084472656,35.83123779296875,35.50624084472656,35.7499885559082,5102728
2018-08-09,31.42252540588379,35.465614318847656,35.58749008178711,35.262489318847656,35.50624084472656,5749552
2018-08-12,31.026594161987305,35.01873779296875,35.42498779296875,34.9374885559082,35.38436508178711,3407193
2018-08-13,30.234731674194336,34.1249885559082,35.18124008178711,33.75936508178711,34.97811508178711,6531866
2018-08-14,30.306720733642578,34.20623779296875,34.61248779296875,33.9218635559082,34.1249885559082,6758805
2018-08-15,29.946781158447266,33.79998779296875,34.28749084472656,33.47499084472656,34.16561508178711,4066251
2018-08-16,30.234731674194336,34.1249885559082,34.246864318847656,33.637489318847656,33.79998779296875,7691359
2018-08-19,30.234731674194336,34.1249885559082,34.246864318847656,33.637489318847656,33.79998779296875,7691359
2018-08-20,30.234731674194336,34.1249885559082,34.1249885559082,34.1249885559082,34.1249885559082,0
2018-08-21,30.234731674194336,34.1249885559082,34.1249885559082,34.1249885559082,34.1249885559082,0
2018-08-22,30.234731674194336,34.1249885559082,34.1249885559082,34.1249885559082,34.1249885559082,0
2018-08-23,30.234731674194336,34.1249885559082,34.1249885559082,34.1249885559082,34.1249885559082,0
2018-08-26,30.63066291809082,34.57186508178711,34.7343635559082,34.3281135559082,34.3281135559082,2353657
2018-08-27,30.702646255493164,34.653114318847656,35.09999084472656,34.449989318847656,34.653114318847656,4300491
2018-08-28,30.954605102539062,34.9374885559082,35.01873779296875,34.653114318847656,34.69374084472656,3132786
2018-08-29,30.954605102539062,34.9374885559082,34.9374885559082,34.57186508178711,34.9374885559082,5119639
2018-08-30,30.63066291809082,34.57186508178711,34.89686584472656,34.57186508178711,34.89686584472656,2351055
2018-09-02,30.59467124938965,34.5312385559082,34.77499008178711,34.3281135559082,34.57186508178711,1445088
2018-09-03,30.774639129638672,34.7343635559082,34.856239318847656,34.5312385559082,34.5312385559082,2277667
2018-09-04,31.2425594329834,35.262489318847656,35.42498779296875,34.61248779296875,34.61248779296875,3524084
2018-09-05,30.306720733642578,34.20623779296875,35.262489318847656,33.028114318847656,35.22186279296875,7382584
2018-09-06,29.982776641845703,33.840614318847656,34.16561508178711,32.621864318847656,34.1249885559082,12814312
2018-09-09,29.982776641845703,33.840614318847656,34.043739318847656,33.14999008178711,34.00311279296875,3035579
2018-09-10,30.05476188659668,33.9218635559082,34.28749084472656,33.7187385559082,34.043739318847656,4014152
2018-09-11,30.306720733642578,34.20623779296875,34.5312385559082,33.7187385559082,33.9218635559082,4220397
2018-09-12,30.234731674194336,34.1249885559082,34.57186508178711,33.637489318847656,34.28749084472656,4062795
2018-09-13,29.874794006347656,33.7187385559082,34.00311279296875,33.35311508178711,33.9218635559082,4360921
2018-09-16,29.190914154052734,32.94686508178711,33.840614318847656,32.9062385559082,33.67811584472656,4228545
2018-09-17,29.694828033447266,33.5156135559082,33.59686279296875,32.54061508178711,32.86561584472656,7003263
2018-09-18,29.478866577148438,33.27186584472656,33.59686279296875,33.028114318847656,33.59686279296875,7826673
2018-09-19,29.910791397094727,33.75936508178711,33.79998779296875,33.1093635559082,33.231239318847656,4350273
2018-09-20,30.414701461791992,34.3281135559082,34.40936279296875,33.67811584472656,33.75936508178711,5218667
2018-09-23,30.414701461791992,34.3281135559082,34.3281135559082,34.3281135559082,34.3281135559082,0
2018-09-24,30.414701461791992,34.3281135559082,34.40936279296875,33.67811584472656,33.75936508178711,5218667
2018-09-25,31.20656394958496,35.22186279296875,35.22186279296875,34.5312385559082,34.5312385559082,7571751
2018-09-26,31.278549194335938,35.30311584472656,35.42498779296875,34.9374885559082,35.22186279296875,4869953
2018-09-27,31.026594161987305,35.01873779296875,35.465614318847656,35.01873779296875,35.22186279296875,3721113
2018-09-30,31.638490676879883,35.70936584472656,35.70936584472656,35.1406135559082,35.1406135559082,3606132
2018-10-01,31.92643928527832,36.03436279296875,36.1562385559082,35.62811279296875,35.70936584472656,7282067
2018-10-02,31.7464656829834,35.83123779296875,36.31874084472656,35.58749008178711,35.9531135559082,5859236
2018-10-03,31.602495193481445,35.668739318847656,35.91249084472656,35.465614318847656,35.7499885559082,5078453
2018-10-04,31.602495193481445,35.668739318847656,35.91249084472656,35.50624084472656,35.668739318847656,3726435
2018-10-07,31.458520889282227,35.50624084472656,35.7499885559082,35.38436508178711,35.62811279296875,3371176
2018-10-08,31.96243667602539,36.074989318847656,36.1562385559082,35.38436508178711,35.42498779296875,7667463
2018-10-09,31.818456649780273,35.91249084472656,36.11561584472656,35.7499885559082,36.074989318847656,4207929
2018-10-10,31.20656394958496,35.22186279296875,35.99374008178711,35.22186279296875,35.79061508178711,7590909
2018-10-11,29.838804244995117,33.67811584472656,34.5312385559082,33.5156135559082,34.5312385559082,12170748
2018-10-14,30.05476188659668,33.9218635559082,33.9218635559082,31.768739700317383,33.3124885559082,20343513
2018-10-15,30.558677673339844,34.49061584472656,34.5312385559082,33.75936508178711,33.9218635559082,29481613
2018-10-16,31.13457679748535,35.1406135559082,35.1406135559082,32.94686508178711,33.67811584472656,36522900
2018-10-17,31.098583221435547,35.09999084472656,35.262489318847656,34.57186508178711,35.1406135559082,9534988
2018-10-18,30.954605102539062,34.9374885559082,35.18124008178711,34.28749084472656,34.856239318847656,12509419
2018-10-21,31.674480438232422,35.7499885559082,35.7499885559082,33.39373779296875,33.7187385559082,16527692
2018-10-22,32.03441619873047,36.1562385559082,36.1562385559082,34.246864318847656,35.22186279296875,27959183
2018-10-23,30.918615341186523,34.89686584472656,35.83123779296875,34.856239318847656,35.38436508178711,18398678
2018-10-24,30.19873809814453,34.08436584472656,35.1406135559082,34.00311279296875,34.9374885559082,9884404
2018-10-25,32.17839431762695,36.31874084472656,36.31874084472656,34.246864318847656,34.9374885559082,30807115
2018-10-28,31.49451446533203,35.5468635559082,35.99374008178711,35.465614318847656,35.91249084472656,4042221
2018-10-29,31.49451446533203,35.5468635559082,35.91249084472656,35.42498779296875,35.58749008178711,3628478
2018-10-30,31.35053825378418,35.38436508178711,35.62811279296875,35.1406135559082,35.5468635559082,3150812
2018-10-31,31.49451446533203,35.5468635559082,35.668739318847656,35.262489318847656,35.3437385559082,2672670
2018-11-01,31.49451446533203,35.5468635559082,35.668739318847656,35.42498779296875,35.5468635559082,2189923
2018-11-04,31.278549194335938,35.30311584472656,35.5468635559082,35.30311584472656,35.5468635559082,1825595
2018-11-05,31.13457679748535,35.1406135559082,35.5468635559082,35.09999084472656,35.22186279296875,2998637
2018-11-06,31.026594161987305,35.01873779296875,35.465614318847656,34.9374885559082,35.22186279296875,2938843
2018-11-07,30.990604400634766,34.97811508178711,35.1406135559082,34.89686584472656,35.1406135559082,1981748
2018-11-08,30.702646255493164,34.653114318847656,35.1406135559082,34.61248779296875,35.059364318847656,2533150
2018-11-11,30.63066291809082,34.57186508178711,34.7343635559082,34.246864318847656,34.7343635559082,2498772
2018-11-12,30.954605102539062,34.9374885559082,34.97811508178711,34.653114318847656,34.653114318847656,4462352
2018-11-13,30.738649368286133,34.69374084472656,35.01873779296875,34.5312385559082,34.81561279296875,3138181
2018-11-14,30.486690521240234,34.40936279296875,34.69374084472656,34.16561508178711,34.49061584472656,7121545
2018-11-15,30.34271240234375,34.246864318847656,34.57186508178711,34.1249885559082,34.40936279296875,5969779
2018-11-18,29.478866577148438,33.27186584472656,34.36874008178711,33.231239318847656,34.3281135559082,8173983
2018-11-19,29.874794006347656,33.7187385559082,33.88124084472656,33.14999008178711,33.3124885559082,5897973
2018-11-20,30.19873809814453,34.08436584472656,34.20623779296875,33.5156135559082,33.67811584472656,6396553
2018-11-21,30.05476188659668,33.9218635559082,34.16561508178711,33.637489318847656,33.96249008178711,6068385
2018-11-22,30.738649368286133,34.69374084472656,34.69374084472656,34.08436584472656,34.08436584472656,4350640
2018-11-25,30.27072525024414,34.16561508178711,34.5312385559082,34.08436584472656,34.49061584472656,2707880
2018-11-26,30.378705978393555,34.28749084472656,34.653114318847656,34.16561508178711,34.20623779296875,5018595
2018-11-27,30.306720733642578,34.20623779296875,34.5312385559082,34.08436584472656,34.3281135559082,6202620
2018-11-28,30.414701461791992,34.3281135559082,34.36874008178711,34.16561508178711,34.16561508178711,3959590
2018-11-29,30.810632705688477,34.77499008178711,34.77499008178711,34.246864318847656,34.3281135559082,4999711
2018-12-02,31.566497802734375,35.62811279296875,35.79061508178711,34.77499008178711,34.77499008178711,6686901
2018-12-03,31.710477828979492,35.79061508178711,35.91249084472656,35.668739318847656,35.7499885559082,4615243
2018-12-04,31.638490676879883,35.70936584472656,35.871864318847656,35.42498779296875,35.79061508178711,3877837
2018-12-05,31.458520889282227,35.50624084472656,35.7499885559082,35.262489318847656,35.50624084472656,3418253
2018-12-06,31.20656394958496,35.22186279296875,35.5468635559082,35.01873779296875,35.465614318847656,4498108
2018-12-09,31.13457679748535,35.1406135559082,35.30311584472656,35.09999084472656,35.1406135559082,2160702
2018-12-10,31.098583221435547,35.09999084472656,35.262489318847656,34.89686584472656,35.1406135559082,2612382
2018-12-11,31.2425594329834,35.262489318847656,35.262489318847656,34.77499008178711,35.059364318847656,4835600
2018-12-12,31.314542770385742,35.3437385559082,35.38436508178711,35.1406135559082,35.22186279296875,3588882
2018-12-13,31.20656394958496,35.22186279296875,35.42498779296875,35.18124008178711,35.30311584472656,3404010
2018-12-16,31.026594161987305,35.01873779296875,35.22186279296875,34.89686584472656,35.22186279296875,2309571
2018-12-17,31.35053825378418,35.38436508178711,35.42498779296875,35.059364318847656,35.059364318847656,4297748
2018-12-18,31.386531829833984,35.42498779296875,35.83123779296875,35.18124008178711,35.3437385559082,6133764
2018-12-19,30.954605102539062,34.9374885559082,35.38436508178711,34.9374885559082,35.30311584472656,7413744
2018-12-20,30.522680282592773,34.449989318847656,35.01873779296875,34.449989318847656,34.9374885559082,8901954
2018-12-23,30.88262176513672,34.856239318847656,35.01873779296875,32.4999885559082,32.9062385559082,9828155
2018-12-24,30.954605102539062,34.9374885559082,35.1406135559082,34.653114318847656,34.77499008178711,3218455
2018-12-25,30.450695037841797,34.36874008178711,34.5312385559082,34.08436584472656,34.5312385559082,3855651
2018-12-26,30.59467124938965,34.5312385559082,34.7343635559082,34.246864318847656,34.40936279296875,1521504
2018-12-27,30.918615341186523,34.89686584472656,34.9374885559082,34.61248779296875,34.7343635559082,3604030
2018-12-30,31.13457679748535,35.1406135559082,35.1406135559082,34.81561279296875,34.9374885559082,2791122
2018-12-31,31.49451446533203,35.5468635559082,35.668739318847656,35.18124008178711,35.18124008178711,4316840
2019-01-01,31.170570373535156,35.18124008178711,35.5468635559082,35.18124008178711,35.5468635559082,2030043
2019-01-02,31.2425594329834,35.262489318847656,35.465614318847656,35.01873779296875,35.1406135559082,2290437
2019-01-03,31.49451446533203,35.5468635559082,35.79061508178711,35.1406135559082,35.262489318847656,5294997
2019-01-06,33.114234924316406,37.3749885559082,37.5781135559082,36.887489318847656,36.887489318847656,16949550
2019-01-07,33.8341064453125,38.1874885559082,38.5937385559082,37.3343620300293,37.3749885559082,13261960
2019-01-08,33.76211929321289,38.106239318847656,38.3906135559082,37.903114318847656,38.1874885559082,7170207
2019-01-09,34.230037689208984,38.634361267089844,38.634361267089844,38.024986267089844,38.1468620300293,9578850
2019-01-10,34.76993942260742,39.243736267089844,39.4062385559082,38.634361267089844,38.7968635559082,10114678
2019-01-13,35.48981857299805,40.056236267089844,40.4218635559082,39.1624870300293,39.243736267089844,9599451
2019-01-14,35.48981857299805,40.056236267089844,40.50311279296875,39.934364318847656,40.09686279296875,8508657
2019-01-15,35.957733154296875,40.5843620300293,40.868736267089844,40.056236267089844,40.1781120300293,7913528
2019-01-16,35.99372863769531,40.6249885559082,40.868736267089844,40.54373550415039,40.6249885559082,5203996
2019-01-17,35.99372863769531,40.6249885559082,40.6249885559082,40.29998779296875,40.6249885559082,5709038
2019-01-20,35.597801208496094,40.1781120300293,40.7874870300293,40.09686279296875,40.5843620300293,6561941
2019-01-21,35.81376266479492,40.4218635559082,40.50311279296875,39.6093635559082,40.13748550415039,6198241
2019-01-22,35.633792877197266,40.2187385559082,40.6249885559082,40.1781120300293,40.462486267089844,4945416
2019-01-23,35.849754333496094,40.462486267089844,40.50311279296875,40.259361267089844,40.34061050415039,3731343
2019-01-24,35.92174530029297,40.54373550415039,40.6249885559082,40.259361267089844,40.4218635559082,3547944
2019-01-27,36.497642517089844,41.1937370300293,41.35623550415039,40.462486267089844,40.54373550415039,9138944
2019-01-28,37.28950119018555,42.087486267089844,42.087486267089844,41.0312385559082,41.1937370300293,7592898
2019-01-29,37.00155258178711,41.76248550415039,42.2499885559082,41.4374885559082,42.2499885559082,7100164
2019-01-30,36.85757827758789,41.5999870300293,41.8437385559082,41.35623550415039,41.5999870300293,4506209
2019-01-31,36.425655364990234,41.11248779296875,41.76248550415039,41.11248779296875,41.5999870300293,4971843
2019-02-03,36.425655364990234,41.11248779296875,41.681236267089844,40.7874870300293,41.4374885559082,4438009
2019-02-04,36.497642517089844,41.1937370300293,41.76248550415039,40.94998550415039,41.681236267089844,6720656
2019-02-05,37.00155258178711,41.76248550415039,41.92498779296875,41.1937370300293,41.274986267089844,8788448
2019-02-06,36.85757827758789,41.5999870300293,42.16873550415039,41.4374885559082,41.8437385559082,7413513
2019-02-07,36.71360397338867,41.4374885559082,41.681236267089844,41.274986267089844,41.5999870300293,12320220
2019-02-10,36.353668212890625,41.0312385559082,41.4374885559082,40.868736267089844,41.4374885559082,4322758
2019-02-11,36.06571960449219,40.70623779296875,41.11248779296875,40.6249885559082,41.0312385559082,5995142
2019-02-12,36.71360397338867,41.4374885559082,41.4374885559082,40.70623779296875,40.70623779296875,5820996
2019-02-13,36.56962966918945,41.274986267089844,41.8437385559082,41.274986267089844,41.4374885559082,6354913
2019-02-14,36.497642517089844,41.1937370300293,41.4374885559082,40.868736267089844,41.274986267089844,6231253
2019-02-17,36.281673431396484,40.94998550415039,41.35623550415039,40.94998550415039,41.1937370300293,3995319
2019-02-18,36.353668212890625,41.0312385559082,41.35623550415039,40.868736267089844,41.0312385559082,5672329
2019-02-19,36.353668212890625,41.0312385559082,41.1937370300293,40.70623779296875,41.0312385559082,6654832
2019-02-20,36.353668212890625,41.0312385559082,41.274986267089844,40.868736267089844,41.0312385559082,3236508
2019-02-21,36.281673431396484,40.94998550415039,41.1937370300293,40.7874870300293,41.0312385559082,4787718
2019-02-24,35.92174530029297,40.54373550415039,41.0312385559082,40.54373550415039,40.94998550415039,7104250
2019-02-25,35.705780029296875,40.29998779296875,40.6249885559082,39.9749870300293,40.6249885559082,5246017
2019-02-26,35.957733154296875,40.5843620300293,40.6249885559082,40.0156135559082,40.1781120300293,4645219
2019-02-27,36.06571960449219,40.70623779296875,40.70623779296875,40.1781120300293,40.5843620300293,3869618
2019-02-28,36.13770294189453,40.7874870300293,40.868736267089844,40.462486267089844,40.70623779296875,11035360
2019-03-03,36.281673431396484,40.94998550415039,41.274986267089844,40.868736267089844,40.868736267089844,4092631
2019-03-04,36.06571960449219,40.70623779296875,41.11248779296875,40.5843620300293,41.0312385559082,8706488
2019-03-05,35.957733154296875,40.5843620300293,40.70623779296875,40.462486267089844,40.70623779296875,5994884
2019-03-06,35.957733154296875,40.5843620300293,40.7874870300293,40.3812370300293,40.5843620300293,5373444
2019-03-07,35.23786163330078,39.7718620300293,40.462486267089844,39.446861267089844,40.462486267089844,8580849
2019-03-10,35.20186996459961,39.731239318847656,40.29998779296875,39.6093635559082,40.259361267089844,6486687
2019-03-11,35.27385330200195,39.8124885559082,39.853111267089844,39.324989318847656,39.8124885559082,4385222
2019-03-12,35.23786163330078,39.7718620300293,39.853111267089844,39.649986267089844,39.8124885559082,7596753
2019-03-13,35.56180191040039,40.13748550415039,40.34061050415039,39.853111267089844,39.853111267089844,8642153
2019-03-14,35.88574981689453,40.50311279296875,40.54373550415039,40.1781120300293,40.2187385559082,13478820
2019-03-17,35.92174530029297,40.54373550415039,40.868736267089844,40.50311279296875,40.54373550415039,7045328
2019-03-18,36.209693908691406,40.868736267089844,40.868736267089844,40.54373550415039,40.54373550415039,7974872
2019-03-19,36.06571960449219,40.70623779296875,41.11248779296875,40.5843620300293,40.7874870300293,8661282
2019-03-20,36.281673431396484,40.94998550415039,41.11248779296875,40.5843620300293,40.6249885559082,6708484
2019-03-21,37.07354736328125,41.8437385559082,41.8437385559082,40.868736267089844,40.868736267089844,7072056
2019-03-24,36.929569244384766,41.681236267089844,41.8437385559082,41.35623550415039,41.76248550415039,5944102
2019-03-25,37.21751403808594,42.0062370300293,42.0062370300293,41.1937370300293,41.5999870300293,7021050
2019-03-26,37.145530700683594,41.92498779296875,42.087486267089844,41.76248550415039,41.92498779296875,4749448
2019-03-27,38.00938034057617,42.899986267089844,42.899986267089844,41.8437385559082,41.92498779296875,8254971
2019-03-28,38.36931610107422,43.306236267089844,43.6312370300293,42.57498550415039,42.899986267089844,10406737
2019-03-31,38.36931610107422,43.306236267089844,43.306236267089844,43.306236267089844,43.306236267089844,0
2019-04-01,39.73707962036133,44.8499870300293,44.8499870300293,44.118736267089844,44.118736267089844,12225241
2019-04-02,39.593101501464844,44.68748474121094,45.09373474121094,44.36248779296875,45.01248550415039,11284559
2019-04-03,39.73707962036133,44.8499870300293,45.01248550415039,44.60623550415039,44.68748474121094,9657093
2019-04-04,42.30390930175781,46.25,46.5,43.75,44.625,15626001
2019-04-07,41.8465690612793,45.75,47.0625,45.125,46.5,13964881
2019-04-08,41.389225006103516,45.25,45.5,44.5625,45.5,10358819
2019-04-09,41.160560607910156,45.0,45.25,44.8125,45.25,7436273
2019-04-10,41.56072998046875,45.4375,45.4375,44.8125,45.0,7684323
2019-04-11,41.732234954833984,45.625,45.75,45.4375,45.5,6749955
2019-04-14,41.503562927246094,45.375,45.6875,45.3125,45.5,3634332
2019-04-15,41.61790084838867,45.5,45.625,45.375,45.5,4584894
2019-04-16,41.960906982421875,45.875,45.875,45.4375,45.5625,7865966
2019-04-17,42.9327507019043,46.9375,47.375,45.8125,45.875,16779251
2019-04-18,42.58974838256836,46.5625,47.1875,46.375,46.9375,6881238
2019-04-21,42.98991775512695,47.0,47.0,46.625,46.6875,5860076
2019-04-22,42.9327507019043,46.9375,47.375,46.875,46.9375,6606156
2019-04-23,43.04708480834961,47.0625,47.25,46.875,47.0,8550569
2019-04-24,43.73309326171875,47.8125,47.875,47.0625,47.125,15069217
2019-04-25,43.44725799560547,47.5,48.0625,46.875,47.8125,9975145
2019-04-28,42.87558364868164,46.875,47.6875,46.8125,47.625,6784728
2019-04-29,42.87558364868164,46.875,47.0625,46.5,46.9375,5628161
2019-04-30,42.87558364868164,46.875,47.4375,46.625,46.875,21120363
2019-05-01,42.98991775512695,47.0,47.0,46.625,46.875,4810284
2019-05-02,42.98991775512695,47.0,47.4375,46.875,47.0,6975286
2019-05-05,41.90373611450195,45.8125,46.9375,45.8125,46.875,8002168
2019-05-06,41.332061767578125,45.1875,45.6875,44.25,45.6875,10459068
2019-05-07,40.874725341796875,44.6875,45.4375,44.5625,45.1875,8084592
2019-05-08,40.07437515258789,43.8125,44.6875,43.6875,44.6875,12929121
2019-05-09,39.90287780761719,43.625,44.0625,43.4375,43.9375,12866582
2019-05-12,39.559871673583984,43.25,43.625,42.5625,43.625,7055923
2019-05-13,37.73051452636719,41.25,43.0625,41.0625,42.75,24462590
2019-05-14,38.24502182006836,41.8125,42.75,40.8125,40.8125,25287270
2019-05-15,39.04536437988281,42.6875,43.6875,42.5625,42.5625,21422246
2019-05-16,40.0172119140625,43.75,43.75,42.6875,43.125,17164416
2019-05-19,39.559871673583984,43.25,44.5,43.0625,43.75,9916915
2019-05-20,39.27403259277344,42.9375,43.25,42.1875,43.1875,15596617
2019-05-21,40.13154983520508,43.875,43.875,43.0625,43.125,9711784
2019-05-22,40.07437515258789,43.8125,44.375,43.75,44.0,11120788
2019-05-23,39.388370513916016,43.0625,43.9375,42.6875,43.8125,16002422
2019-05-26,38.64519119262695,42.25,43.125,41.5625,43.125,13372248
2019-05-27,38.58802032470703,42.1875,42.5,41.25,42.375,13423718
2019-05-28,39.388370513916016,43.0625,43.0625,41.4375,42.5,109423984
2019-05-29,39.04536437988281,42.6875,43.0625,42.0,42.375,9994867
2019-05-30,39.33120346069336,43.0,43.125,42.4375,42.5,9195097
2019-06-02,39.33120346069336,43.0,43.125,42.4375,42.5,9195097
2019-06-03,39.33120346069336,43.0,43.125,42.4375,42.5,9195097
2019-06-04,39.33120346069336,43.0,43.0,43.0,43.0,0
2019-06-05,39.33120346069336,43.0,43.0,43.0,43.0,0
2019-06-06,39.33120346069336,43.0,43.0,43.0,43.0,0
2019-06-09,40.58888626098633,44.375,44.5,43.1875,43.3125,9473372
2019-06-10,40.81755828857422,44.625,45.375,44.25,44.375,18289083
2019-06-11,41.44639587402344,45.3125,45.5625,44.5,44.75,16371632
2019-06-12,41.8465690612793,45.75,45.75,44.9375,45.125,12858694
2019-06-13,41.046226501464844,44.875,45.625,44.875,45.625,12564371
2019-06-16,40.474552154541016,44.25,45.1875,44.0625,44.9375,10935715
2019-06-17,40.474552154541016,44.25,44.6875,44.1875,44.375,17072736
2019-06-18,40.874725341796875,44.6875,44.6875,44.25,44.3125,12388049
2019-06-19,40.58888626098633,44.375,45.0,44.375,44.875,15938702
2019-06-20,40.58888626098633,44.375,44.875,43.9375,44.5,29927649
2019-06-23,40.07437515258789,43.8125,44.4375,43.6875,44.25,8380380
2019-06-24,39.159698486328125,42.8125,43.9375,41.8125,43.75,19429600
2019-06-25,39.04536437988281,42.6875,42.9375,42.125,42.8125,16983140
2019-06-26,39.04536437988281,42.6875,43.0625,42.6875,42.75,13138065
2019-06-27,39.788543701171875,43.5,43.625,42.6875,42.875,10333868
2019-06-30,39.84571075439453,43.5625,44.1875,43.4375,43.75,6819894
2019-07-01,40.1887092590332,43.9375,43.9375,43.5,43.625,5903081
2019-07-02,39.90287780761719,43.625,44.125,43.5,43.875,5935963
2019-07-03,40.13154983520508,43.875,43.9375,43.375,43.4375,4451411
2019-07-04,40.13154983520508,43.875,44.25,43.75,43.875,6750529
2019-07-07,39.96003723144531,43.6875,44.0,43.625,43.875,4914067
2019-07-08,40.1887092590332,43.9375,43.9375,43.4375,43.625,6089496
2019-07-09,40.245880126953125,44.0,44.0625,43.8125,43.9375,5448708
2019-07-10,40.531715393066406,44.3125,44.3125,43.875,44.0,6718907
2019-07-11,40.98905944824219,44.8125,44.875,44.375,44.375,11226387
2019-07-14,41.389225006103516,45.25,45.5,44.875,44.9375,8129702
2019-07-15,41.274898529052734,45.125,45.3125,44.6875,45.25,7903467
2019-07-16,41.160560607910156,45.0,45.3125,45.0,45.125,8901460
2019-07-17,40.874725341796875,44.6875,45.125,44.6875,45.0,8056449
2019-07-18,40.58888626098633,44.375,44.8125,44.3125,44.75,9125297
2019-07-21,40.93189239501953,44.75,44.9375,44.125,44.25,5980710
2019-07-22,40.93189239501953,44.75,45.25,44.75,44.9375,8600819
2019-07-23,40.70322036743164,44.5,45.125,44.5,44.9375,8313067
2019-07-24,40.646053314208984,44.4375,44.75,44.125,44.375,9593233
2019-07-25,40.52925491333008,43.375,43.75,43.3125,43.6875,15288844
2019-07-28,40.93804931640625,43.8125,43.875,43.25,43.4375,5523964
2019-07-29,39.71166229248047,42.5,43.625,42.5,43.625,11873672
2019-07-30,40.12045669555664,42.9375,43.1875,42.625,42.8125,7141816
2019-07-31,40.17885971069336,43.0,43.0625,42.6875,42.9375,6681289
2019-08-01,39.478065490722656,42.25,42.875,41.8125,42.8125,12610134
2019-08-04,39.06926727294922,41.8125,42.125,41.5,42.125,8273561
2019-08-05,38.89406967163086,41.625,41.875,41.1875,41.875,11128094
2019-08-06,38.718868255615234,41.4375,41.5625,40.9375,41.5,8734577
2019-08-07,39.12767028808594,41.875,42.125,41.5625,41.5625,8054062
2019-08-08,39.24446487426758,42.0,42.1875,41.75,41.8125,9614092
2019-08-11,39.24446487426758,42.0,42.0,42.0,42.0,0
2019-08-12,39.24446487426758,42.0,42.0,42.0,42.0,0
2019-08-13,39.24446487426758,42.0,42.0,42.0,42.0,0
2019-08-14,39.24446487426758,42.0,42.0,42.0,42.0,0
2019-08-15,39.24446487426758,42.0,42.0,42.0,42.0,0
2019-08-18,39.186065673828125,41.9375,42.125,41.625,41.875,4988883
2019-08-19,39.478065490722656,42.25,42.625,42.0,42.0,8866488
2019-08-20,39.36126708984375,42.125,42.5,41.875,42.3125,8045036
2019-08-21,38.83566665649414,41.5625,42.1875,41.5,42.1875,8022452
2019-08-22,38.83566665649414,41.5625,41.75,40.9375,41.5,27318900
2019-08-25,37.95967483520508,40.625,41.4375,40.5,41.4375,8961172
2019-08-26,37.784481048583984,40.4375,40.6875,39.75,40.5625,11382001
2019-08-27,37.31727981567383,39.9375,40.75,39.0625,40.625,112673640
2019-08-28,36.55809020996094,39.125,39.9375,39.0625,39.6875,15129886
2019-08-29,35.331695556640625,37.8125,39.3125,37.8125,39.125,21956564
2019-09-01,34.397308349609375,36.8125,38.125,36.375,37.75,20538476
2019-09-02,34.92290496826172,37.375,37.5,36.625,36.9375,19188688
2019-09-03,34.57250213623047,37.0,37.6875,37.0,37.4375,13940811
2019-09-04,35.50689697265625,38.0,38.0,37.0625,37.0625,14622995
2019-09-05,35.50689697265625,38.0,38.5625,37.5,38.125,16586384
2019-09-08,35.62369918823242,38.125,38.375,37.875,38.25,7180065
2019-09-09,35.85729217529297,38.375,38.375,37.6875,38.125,9881212
2019-09-10,35.15650177001953,37.625,38.3125,37.5,38.1875,10667617
2019-09-11,34.74770736694336,37.1875,37.625,36.375,37.5625,13919400
2019-09-12,34.864501953125,37.3125,37.4375,36.8125,36.9375,6543080
2019-09-15,34.45570373535156,36.875,37.0625,35.5,36.25,11580976
2019-09-16,34.92290496826172,37.375,37.5,36.75,37.1875,12068953
2019-09-17,35.03969955444336,37.5,37.8125,37.0625,37.4375,10181870
2019-09-18,35.682098388671875,38.1875,38.25,37.625,37.8125,12361187
2019-09-19,36.38288879394531,38.9375,38.9375,37.9375,38.1875,30774270
2019-09-22,36.266090393066406,38.8125,39.375,38.75,38.8125,5093060
2019-09-24,36.7332878112793,39.3125,39.375,38.875,38.875,6767915
2019-09-25,36.616485595703125,39.1875,39.375,38.875,39.375,10636475
2019-09-26,36.79168701171875,39.375,39.625,39.0,39.0625,13649017
2019-09-29,36.7332878112793,39.3125,39.625,39.25,39.5,5339416
2019-09-30,36.96688461303711,39.5625,39.75,39.375,39.375,10069638
2019-10-01,36.7332878112793,39.3125,39.8125,39.25,39.5625,11428841
2019-10-02,36.32448959350586,38.875,39.4375,38.5625,39.3125,9966198
2019-10-03,35.91569519042969,38.4375,38.75,38.3125,38.75,6868600
2019-10-06,36.032493591308594,38.5625,38.8125,38.5625,38.625,3933017
2019-10-07,35.62369918823242,38.125,38.75,38.125,38.625,7304099
2019-10-08,35.15650177001953,37.625,38.3125,37.25,38.1875,8740304
2019-10-09,34.28050994873047,36.6875,37.625,36.6875,37.625,9302769
2019-10-10,33.87171173095703,36.25,36.875,35.875,36.75,10120918
2019-10-13,33.87171173095703,36.25,37.3125,36.25,36.3125,6473388
2019-10-14,33.87171173095703,36.25,36.5625,36.0,36.25,11527043
2019-10-15,33.34611511230469,35.6875,36.5,35.6875,36.3125,8158254
2019-10-16,33.75490951538086,36.125,36.1875,35.4375,35.6875,9730428
2019-10-17,34.80610656738281,37.25,37.3125,36.0,36.25,12447856
2019-10-20,35.39009475708008,37.875,38.25,37.75,37.875,10804664
2019-10-21,35.03969955444336,37.5,38.0,37.125,37.9375,9453838
2019-10-22,36.032493591308594,38.5625,38.625,37.5,37.5,13414427
2019-10-23,36.266090393066406,38.8125,38.9375,38.3125,38.625,8644161
2019-10-24,36.38288879394531,38.9375,39.1875,38.625,38.8125,7082211
2019-10-27,36.20768737792969,38.75,39.125,38.625,38.75,5874016
2019-10-28,35.15650177001953,37.625,38.75,37.5,38.625,8542051
2019-10-29,34.80610656738281,37.25,37.8125,36.625,37.8125,16236044
2019-10-30,35.62369918823242,38.125,38.125,36.875,37.3125,30632443
2019-10-31,35.2733039855957,37.75,38.25,37.625,38.0625,8947443
2019-11-03,34.63090515136719,37.0625,37.4375,36.625,37.375,8293827
2019-11-04,34.63090515136719,37.0625,37.25,36.5625,37.0625,9675878
2019-11-05,35.2733039855957,37.75,37.75,37.0,37.0625,12992268
2019-11-06,35.214900970458984,37.6875,37.75,37.5,37.75,6241480
2019-11-07,35.62369918823242,38.125,38.5,37.625,37.6875,9350056
2019-11-10,36.441287994384766,39.0,39.125,38.3125,38.3125,10245888
2019-11-11,36.7332878112793,39.3125,39.6875,39.0,39.0,11690089
2019-11-12,36.7332878112793,39.3125,39.6875,39.125,39.3125,8544505
2019-11-13,36.266090393066406,38.8125,39.6875,38.5625,39.375,10939801
2019-11-14,36.20768737792969,38.75,39.375,38.5625,38.75,9139448
2019-11-17,37.083683013916016,39.6875,39.6875,38.5,39.0,8806217
2019-11-18,37.49247741699219,40.125,40.1875,39.6875,39.6875,9366742
2019-11-19,37.72608184814453,40.375,40.6875,40.0,40.1875,11936571
2019-11-20,37.434078216552734,40.0625,40.5625,39.9375,40.375,9978358
2019-11-21,37.90127944946289,40.5625,40.5625,39.875,40.0625,10865358
2019-11-24,37.49247741699219,40.125,40.6875,40.0625,40.625,7563067
2019-11-25,37.66767883300781,40.3125,40.375,39.375,40.0625,10772321
2019-11-26,36.441287994384766,39.0,40.4375,39.0,40.3125,17508412
2019-11-27,36.09089279174805,38.625,39.75,38.5625,39.375,11171345
2019-11-28,36.32448959350586,38.875,39.4375,38.6875,38.9375,8419625
2019-12-01,36.90848922729492,39.5,39.75,38.9375,38.9375,6968286
2019-12-02,36.55809020996094,39.125,39.8125,38.875,39.4375,11596828
2019-12-03,36.96688461303711,39.5625,39.625,39.0625,39.125,8998580
2019-12-04,36.79168701171875,39.375,39.5,39.0625,39.5,7999531
2019-12-05,36.90848922729492,39.5,39.5625,39.1875,39.375,6305040
2019-12-08,37.49247741699219,40.125,40.3125,39.5625,39.5625,12153502
2019-12-09,37.083683013916016,39.6875,40.5625,39.6875,40.3125,14222320
2019-12-10,36.90848922729492,39.5,39.875,39.375,39.75,9579592
2019-12-11,37.14208221435547,39.75,39.875,39.625,39.625,7201340
2019-12-12,36.499691009521484,39.0625,39.8125,39.0625,39.8125,7862854
2019-12-15,36.499691009521484,39.0625,39.5,39.0,39.3125,8426972
2019-12-16,37.20048141479492,39.8125,40.0625,39.125,39.125,11507382
2019-12-17,37.550880432128906,40.1875,40.1875,39.625,39.9375,12476300
2019-12-18,37.90127944946289,40.5625,40.625,40.0625,40.1875,12891889
2019-12-19,38.48527145385742,41.1875,41.3125,40.375,40.5625,15365987
2019-12-22,38.718868255615234,41.4375,41.5,41.0625,41.25,7097249
2019-12-23,38.83566665649414,41.5625,41.5625,41.25,41.4375,7046401
2019-12-24,38.77727127075195,41.5,41.8125,41.3125,41.5625,10154043
2019-12-25,38.07647705078125,40.75,41.5625,40.625,41.5,6815392
2019-12-26,38.07647705078125,40.75,41.1875,40.4375,40.6875,4458160
2019-12-29,38.543670654296875,41.25,41.4375,40.8125,40.8125,6140364
2019-12-30,38.1348762512207,40.8125,41.3125,40.8125,41.25,5411134
2019-12-31,38.19327163696289,40.875,41.0,40.5625,40.8125,7184065
2020-01-01,38.01807403564453,40.6875,40.9375,40.6875,40.8125,4506958
2020-01-02,38.42687225341797,41.125,41.1875,40.75,40.8125,5800984
2020-01-05,37.60927963256836,40.25,40.875,40.125,40.5,8006950
2020-01-06,37.66767883300781,40.3125,40.5,40.125,40.1875,6686896
2020-01-07,37.90127944946289,40.5625,40.875,40.375,40.5,7604643
2020-01-08,37.550880432128906,40.1875,40.4375,40.0,40.0,7754617
2020-01-09,38.42687225341797,41.125,41.125,40.6875,40.6875,7274385
2020-01-12,38.368473052978516,41.0625,41.5,41.0,41.25,5825307
2020-01-13,38.48527145385742,41.1875,41.5,41.0,41.0,7964028
2020-01-14,38.77727127075195,41.5,41.5625,41.1875,41.3125,6696920
2020-01-15,38.543670654296875,41.25,41.5625,41.25,41.5,4955616
2020-01-16,38.718868255615234,41.4375,41.5,41.25,41.375,4788548
2020-01-19,38.66047286987305,41.375,41.75,41.375,41.4375,4744201
2020-01-20,38.77727127075195,41.5,41.5625,41.3125,41.375,4735395
2020-01-21,38.602073669433594,41.3125,41.5,41.1875,41.5,4336481
2020-01-22,38.602073669433594,41.3125,41.4375,41.25,41.3125,3964632
2020-01-23,38.48527145385742,41.1875,41.25,41.0,41.25,4095612
2020-01-26,38.251678466796875,40.9375,41.3125,40.875,41.125,4408326
2020-01-27,37.784481048583984,40.4375,41.125,40.375,40.9375,7580243
2020-01-28,37.784481048583984,40.4375,40.625,40.3125,40.4375,6507620
2020-01-29,38.3100700378418,41.0,41.0,40.375,40.375,7205768
2020-01-30,38.77727127075195,41.5,41.6875,40.75,41.0,9306451
2020-02-02,38.368473052978516,41.0625,41.3125,40.8125,41.1875,5666560
2020-02-03,38.42687225341797,41.125,41.5625,41.0625,41.125,9739027
2020-02-04,38.718868255615234,41.4375,41.5,41.0625,41.375,8051060
2020-02-05,38.77727127075195,41.5,41.8125,41.375,41.625,7484766
2020-02-06,38.543670654296875,41.25,41.75,41.1875,41.5625,7803804
2020-02-09,37.90127944946289,40.5625,41.4375,40.4375,41.4375,7470694
2020-02-10,37.84287643432617,40.5,40.75,40.375,40.625,7221118
2020-02-11,36.8500862121582,39.4375,39.9375,39.125,39.9375,17062134
2020-02-12,37.31727981567383,39.9375,39.9375,39.375,39.375,6750934
2020-02-13,37.14208221435547,39.75,40.25,39.5625,39.9375,10160545
2020-02-16,37.14208221435547,39.75,39.75,39.75,39.75,0
2020-02-17,37.37568664550781,40.0,40.1875,39.9375,40.0,5360985
2020-02-18,37.37568664550781,40.0,40.1875,39.875,40.0625,4552016
2020-02-19,37.90127944946289,40.5625,40.5625,40.0625,40.125,4535723
2020-02-20,38.251678466796875,40.9375,40.9375,40.625,40.625,6735553
2020-02-23,38.1348762512207,40.8125,40.9375,40.4375,40.9375,6677617
2020-02-24,36.7332878112793,39.3125,40.625,39.3125,40.625,11937952
2020-02-25,36.79168701171875,39.375,39.6875,39.25,39.375,9447292
2020-02-26,36.674888610839844,39.25,39.3125,38.75,39.0625,10691960
2020-02-27,36.674888610839844,39.25,39.25,39.25,39.25,0
2020-03-01,34.74770736694336,37.1875,37.8125,36.6875,37.5,16424009
2020-03-02,34.864501953125,37.3125,38.375,37.25,37.9375,17743716
2020-03-03,36.032493591308594,38.5625,38.625,37.875,38.125,13615364
2020-03-04,35.79889678955078,38.3125,38.375,37.1875,37.625,14922796
2020-03-05,35.62369918823242,38.125,38.5625,37.875,38.5625,12962345
2020-03-08,33.11252212524414,35.4375,35.9375,35.0,35.125,29614644
2020-03-09,30.4261417388916,32.5625,34.0625,32.0,32.0,29271875
2020-03-10,33.11252212524414,35.4375,35.5625,34.0,35.5,30579664
2020-03-11,32.119728088378906,34.375,35.625,34.0625,35.625,23202961
2020-03-12,31.652530670166016,33.875,34.3125,32.0625,33.5,28004265
2020-03-15,31.30213737487793,33.5,34.6875,33.125,34.375,16951422
2020-03-16,29.78374671936035,31.875,33.25,31.875,32.875,24170660
2020-03-17,30.250944137573242,32.375,33.0,31.875,31.875,15707020
2020-03-18,30.36774253845215,32.5,33.125,32.375,32.375,19565972
2020-03-19,30.77653694152832,32.9375,33.625,32.0,32.4375,24799275
2020-03-22,30.659740447998047,32.8125,33.4375,32.625,32.875,11060380
2020-03-23,30.30933952331543,32.4375,32.8125,31.9375,32.8125,16046464
2020-03-24,31.06853675842285,33.25,33.4375,32.8125,32.875,15009417
2020-03-25,31.010135650634766,33.1875,34.5625,33.0,33.875,26844068
2020-03-26,31.53573226928711,33.75,33.9375,33.4375,33.4375,11766126
2020-03-29,32.119728088378906,34.375,34.375,33.5,33.75,9319580
2020-03-30,32.23979949951172,33.5625,33.75,33.3125,33.75,11852433
2020-03-31,32.299835205078125,33.625,33.875,33.5625,33.6875,20834748
2020-04-01,32.3598747253418,33.6875,33.75,33.4375,33.5625,8359339
2020-04-02,32.720096588134766,34.0625,34.0625,33.75,33.8125,12177662
2020-04-05,32.23979949951172,33.5625,34.5625,33.375,34.375,16816168
2020-04-06,32.660057067871094,34.0,34.1875,33.625,33.8125,16197404
2020-04-07,33.02027893066406,34.375,34.375,33.875,34.0625,11604644
2020-04-08,33.20038986206055,34.5625,34.5625,34.0,34.25,13940436
2020-04-09,33.20038986206055,34.5625,34.9375,34.375,34.6875,10848299
2020-04-12,32.660057067871094,34.0,34.625,33.875,34.625,7841587
2020-04-13,32.11972427368164,33.4375,34.25,33.375,34.125,9893560
2020-04-14,32.53998565673828,33.875,33.875,33.3125,33.625,6638705
2020-04-15,32.23979949951172,33.5625,34.1875,33.4375,34.0,9839580
2020-04-16,31.819541931152344,33.125,33.6875,33.125,33.6875,8231545
2020-04-19,31.999649047851562,33.3125,33.5,33.0625,33.4375,7039201
2020-04-20,31.339248657226562,32.625,33.25,32.4375,33.25,10257641
2020-04-21,31.159133911132812,32.4375,32.5625,31.9375,32.1875,9240510
2020-04-22,31.459320068359375,32.75,32.9375,32.1875,32.375,8079920
2020-04-23,31.57939338684082,32.875,33.375,32.8125,33.1875,9030796
2020-04-26,32.53998565673828,33.875,34.0,33.25,33.4375,10834384
2020-04-27,32.660057067871094,34.0,34.25,33.6875,34.0,10382393
2020-04-28,33.02027893066406,34.375,34.4375,33.8125,34.0,12900532
2020-04-29,33.920833587646484,35.3125,36.125,34.375,34.375,18206017
2020-04-30,34.341087341308594,35.75,36.125,35.5,35.625,11183716
2020-05-03,31.57939338684082,32.875,34.0625,32.8125,34.0625,18250808
2020-05-04,31.639429092407227,32.9375,33.4375,32.5,32.5,16458889
2020-05-05,32.3598747253418,33.6875,33.9375,33.3125,33.6875,10317936
2020-05-06,32.11972427368164,33.4375,34.125,33.4375,34.0625,8528083
2020-05-07,32.17976379394531,33.5,34.1875,33.125,33.5,10901518
2020-05-10,32.3598747253418,33.6875,34.125,33.625,33.8125,5718843
2020-05-11,31.87957763671875,33.1875,33.375,32.375,32.6875,16834532
2020-05-12,31.999649047851562,33.3125,33.625,33.25,33.3125,6756731
2020-05-13,32.3598747253418,33.6875,33.875,33.25,33.625,11575009
2020-05-14,32.4199104309082,33.75,33.9375,33.4375,33.75,7734921
2020-05-17,33.080318450927734,34.4375,34.4375,33.9375,33.9375,9276747
2020-05-18,33.62064743041992,35.0,35.0625,34.625,34.625,17982176
2020-05-19,34.0409049987793,35.4375,35.5625,35.1875,35.25,9836740
2020-05-20,34.16097640991211,35.5625,35.75,35.3125,35.4375,10039104
2020-05-21,33.74072265625,35.125,35.6875,35.125,35.625,13200385
2020-05-31,34.64127731323242,36.0625,37.5,35.5625,37.5,20486609
2020-06-01,34.88142395019531,36.3125,36.375,36.0,36.125,13965086
2020-06-02,35.0615348815918,36.5,36.875,36.3125,36.3125,13915142
2020-06-03,34.70130920410156,36.125,36.875,36.125,36.8125,17436665
2020-06-04,34.88142395019531,36.3125,36.3125,35.625,36.0625,9922177
2020-06-07,35.24164581298828,36.6875,36.875,36.4375,36.4375,10805497
2020-06-08,35.361717224121094,36.8125,37.3125,36.625,36.75,13812017
2020-06-09,35.601863861083984,37.0625,37.125,36.625,36.875,10841443
2020-06-10,35.661903381347656,37.125,37.1875,36.875,37.0625,12022187
2020-06-11,35.54182434082031,37.0,37.0,36.5625,36.875,10652304
2020-06-14,35.54182434082031,37.0,37.0,36.625,36.6875,7141489
2020-06-15,35.24164581298828,36.6875,36.9375,36.6875,36.6875,14340977
2020-06-16,35.30167770385742,36.75,37.0,36.75,36.875,7424217
2020-06-17,35.361717224121094,36.8125,36.9375,36.6875,36.875,7378923
2020-06-18,35.361717224121094,36.8125,36.9375,36.5625,36.625,18807582
2020-06-21,35.30167770385742,36.75,37.0,36.75,36.875,5332940
2020-06-22,35.24164581298828,36.6875,36.875,36.5625,36.75,7861630
2020-06-23,35.181602478027344,36.625,36.75,36.5,36.6875,5709150
2020-06-24,34.52119827270508,35.9375,36.6875,35.9375,36.625,7820740
2020-06-25,34.70130920410156,36.125,36.3125,35.625,35.875,8435382
2020-06-28,34.70130920410156,36.125,36.375,36.0625,36.25,9033803
2020-06-29,34.341087341308594,35.75,36.1875,35.6875,36.1875,10740780
2020-06-30,33.98086929321289,35.375,36.0,35.375,35.75,10580267
2020-07-01,34.28105163574219,35.6875,35.875,35.375,35.375,5801724
2020-07-02,34.52119827270508,35.9375,36.0625,35.75,35.75,5888777
2020-07-05,34.82138442993164,36.25,36.3125,36.0625,36.0625,7960076
2020-07-06,34.82138442993164,36.25,36.375,36.0625,36.25,7931720
2020-07-07,34.70130920410156,36.125,36.3125,36.125,36.25,4227142
2020-07-08,34.70130920410156,36.125,36.25,36.0,36.125,4682283
2020-07-09,34.64127731323242,36.0625,36.3125,36.0625,36.1875,5780001
2020-07-12,34.761348724365234,36.1875,36.375,36.125,36.25,4368716
2020-07-13,34.52119827270508,35.9375,36.25,35.9375,36.25,4558614
2020-07-14,34.28105163574219,35.6875,36.125,35.6875,36.0,6117046
2020-07-15,34.401126861572266,35.8125,36.0,35.75,35.75,5033049
2020-07-16,34.46116256713867,35.875,35.9375,35.75,35.875,5930732
2020-07-19,34.401126861572266,35.8125,35.9375,35.6875,35.875,4704507
2020-07-20,34.22101974487305,35.625,35.875,35.3125,35.75,7449374
2020-07-21,34.46116256713867,35.875,35.875,35.625,35.625,5208451
2020-07-22,34.58123779296875,36.0,36.0625,35.875,35.9375,5093049
2020-07-23,34.70130920410156,36.125,36.1875,35.875,35.9375,4652624
2020-07-26,35.361717224121094,36.8125,36.8125,36.125,36.25,12010272
2020-07-27,35.4217529296875,36.875,36.9375,36.625,36.8125,11909193
2020-07-28,35.361717224121094,36.8125,36.875,36.6875,36.8125,9161230
2020-08-05,35.361717224121094,36.8125,36.875,36.75,36.875,7066899
2020-08-06,35.72193908691406,37.1875,37.3125,36.8125,36.8125,7398553
2020-08-09,36.02212142944336,37.5,37.5,37.1875,37.25,5856060
2020-08-10,36.02212142944336,37.5,37.5,37.3125,37.5,7826948
2020-08-11,37.16282272338867,38.6875,38.6875,37.4375,37.5,11189696
2020-08-12,37.52304458618164,39.0625,39.1875,38.625,38.75,10364177
2020-08-13,37.52304458618164,39.0625,39.0625,39.0625,39.0625,0
2020-08-16,38.303524017333984,39.875,39.9375,39.25,39.25,7327865
2020-08-17,38.4836311340332,40.0625,40.5,39.875,39.9375,12707476
2020-08-18,38.72378158569336,40.3125,40.3125,39.8125,40.1875,8929320
2020-08-19,38.84385681152344,40.4375,40.5,40.3125,40.3125,7036561
2020-08-20,38.96393203735352,40.5625,40.5625,40.1875,40.3125,6171785
2020-08-23,39.08400344848633,40.6875,40.6875,40.4375,40.5625,6309321
2020-08-24,39.5042610168457,41.125,41.125,40.6875,40.6875,8040596
2020-08-25,39.62433242797852,41.25,41.5,41.1875,41.1875,7944673
2020-08-26,39.62433242797852,41.25,41.3125,40.9375,41.25,6617996
2020-08-27,39.5042610168457,41.125,41.3125,41.0,41.25,6615708
2020-08-30,39.56429672241211,41.1875,41.3125,41.0625,41.125,5838556
2020-08-31,38.96393203735352,40.5625,41.25,40.5625,41.1875,10360539
2020-09-01,38.06337738037109,39.625,40.875,39.625,40.6875,12677819
2020-09-02,38.72378158569336,40.3125,40.4375,39.1875,39.6875,9113422
2020-09-03,39.62433242797852,41.25,41.25,40.3125,40.3125,8476724
2020-09-06,39.62433242797852,41.25,41.25,40.8125,41.1875,9726300
2020-09-07,39.68437194824219,41.3125,41.3125,41.125,41.1875,4770899
2020-09-08,39.744407653808594,41.375,41.4375,41.25,41.25,6794001
2020-09-09,39.744407653808594,41.375,41.4375,41.1875,41.25,6880824
2020-09-10,39.92451858520508,41.5625,41.8125,41.3125,41.3125,7571014
2020-09-13,40.28474044799805,41.9375,42.0,41.625,41.625,6442888
2020-09-14,40.76503372192383,42.4375,42.4375,41.5,42.0,9579203
2020-09-15,41.1852912902832,42.875,43.0,42.4375,42.4375,7969793
2020-09-16,41.005184173583984,42.6875,43.0625,42.4375,42.875,6742000
2020-09-17,40.70499801635742,42.375,42.75,42.25,42.6875,8638392
2020-09-20,40.644962310791016,42.3125,42.5625,41.9375,42.5,5188822
2020-09-21,40.40481185913086,42.0625,42.5,42.0625,42.3125,4527936
2020-09-22,39.98455810546875,41.625,42.0,41.25,41.9375,6056814
2020-09-24,40.10462951660156,41.75,41.8125,41.5,41.625,3343102
2020-09-27,40.04458999633789,41.6875,42.0,41.6875,41.75,4261662
2020-09-28,39.92451858520508,41.5625,41.875,41.5625,41.6875,5498976
2020-09-29,39.68437194824219,41.3125,41.75,41.3125,41.5625,6415307
2020-09-30,39.4442253112793,41.0625,41.4375,41.0625,41.3125,4965208
2020-10-01,39.56429672241211,41.1875,41.4375,41.0625,41.1875,4306753
2020-10-04,39.023963928222656,40.625,41.0625,40.625,41.0625,3596120
2020-10-05,39.4442253112793,41.0625,41.0625,40.0,40.625,4916484
2020-10-06,40.10462951660156,41.75,41.75,41.0,41.125,6439452
2020-10-07,40.10462951660156,41.75,41.8125,41.5,41.6875,3889177
2020-10-08,39.86448287963867,41.5,41.875,41.1875,41.875,6451828
2020-10-11,40.28474044799805,41.9375,42.125,41.375,41.625,8110073
2020-10-12,40.644962310791016,42.3125,42.375,41.8125,42.0,8305025
2020-10-13,40.8250732421875,42.5,42.6875,42.25,42.25,7786358
2020-10-14,40.52488708496094,42.1875,42.5625,42.1875,42.5,4738712
2020-10-15,40.16466522216797,41.8125,42.25,41.625,42.1875,6583112
2020-10-18,40.22470474243164,41.875,42.3125,41.75,42.125,5195478
2020-10-19,40.10462951660156,41.75,41.9375,41.4375,41.875,4739358
2020-10-20,40.04458999633789,41.6875,41.75,41.4375,41.625,4716507
2020-10-21,39.92451858520508,41.5625,42.125,41.5625,41.6875,5438129
2020-10-22,40.22470474243164,41.875,41.875,41.4375,41.5625,4897307
2020-10-25,39.744407653808594,41.375,42.125,41.3125,41.4375,6157993
2020-10-26,39.62433242797852,41.25,41.6875,41.0625,41.375,9802356
2020-10-27,39.804447174072266,41.4375,41.5625,41.0625,41.25,4942067
2020-10-28,39.68437194824219,41.3125,41.6875,41.25,41.4375,6201332
2020-10-29,39.5042610168457,41.125,41.25,40.9375,41.0625,5567020
2020-11-01,39.4442253112793,41.0625,41.125,40.625,41.0625,3946371
2020-11-02,40.46485137939453,42.125,42.25,41.0,41.0625,7200641
2020-11-03,40.46485137939453,42.125,42.5,41.875,42.125,6686553
2020-11-04,40.644962310791016,42.3125,42.5,42.1875,42.1875,7618420
2020-11-05,40.8250732421875,42.5,42.5,42.125,42.3125,7279187
2020-11-08,41.1852912902832,42.875,43.0625,42.4375,42.4375,7765056
2020-11-09,42.02581024169922,43.75,43.75,42.8125,42.8125,12493449
2020-11-10,42.62617492675781,44.375,45.0,43.6875,43.9375,13522430
2020-11-11,42.74625015258789,44.5,44.875,44.125,44.5625,6740670
2020-11-12,42.74625015258789,44.5,44.5,44.25,44.5,5308603
2020-11-15,43.346622467041016,45.125,45.125,44.5,44.5,7700208
2020-11-16,43.766876220703125,45.5625,45.5625,44.9375,45.0625,6335246
2020-11-17,44.24717330932617,46.0625,46.0625,45.5625,45.5625,6751715
2020-11-18,44.547359466552734,46.375,46.5,45.75,45.9375,6022449
2020-11-19,44.24717330932617,46.0625,46.4375,46.0625,46.3125,4115880
2020-11-22,44.187137603759766,46.0,46.3125,46.0,46.0625,2385491
2020-11-23,44.00702667236328,45.8125,46.125,45.5,46.0,5868080
2020-11-24,44.24717330932617,46.0625,46.3125,45.6875,45.6875,5370262
2020-11-25,44.48731994628906,46.3125,46.4375,46.125,46.1875,3976459
2020-11-26,44.547359466552734,46.375,46.375,46.0625,46.1875,6566243
2020-11-29,44.427284240722656,46.25,46.5625,46.125,46.5625,3559318
2020-11-30,44.90757751464844,46.75,46.75,46.125,46.25,12419153
2020-12-01,44.90757751464844,46.75,46.75,46.5,46.75,5034883
2020-12-02,44.8475456237793,46.6875,46.75,46.25,46.5625,4009579
2020-12-03,44.427284240722656,46.25,46.5625,46.0625,46.5625,3602960
2020-12-06,44.427284240722656,46.25,46.5625,46.25,46.3125,3436958
2020-12-07,44.547359466552734,46.375,46.375,46.0,46.25,4578473
2020-12-08,44.187137603759766,46.0,46.4375,46.0,46.25,3178643
2020-12-09,44.427284240722656,46.25,46.3125,46.0625,46.0625,3349600
2020-12-10,44.187137603759766,46.0,46.25,46.0,46.25,3428764
2020-12-13,44.00702667236328,45.8125,46.1875,45.75,46.0,2826465
2020-12-14,44.187137603759766,46.0,46.0,45.6875,45.8125,3115051
2020-12-15,43.8869514465332,45.6875,46.0625,45.6875,45.9375,3804081
2020-12-16,44.36724853515625,46.1875,46.3125,45.75,45.8125,5147972
2020-12-17,44.427284240722656,46.25,46.4375,46.1875,46.1875,9742620
2020-12-20,44.30720901489258,46.125,46.4375,46.0625,46.3125,3362731
2020-12-21,43.94699096679688,45.75,45.875,45.0,45.6875,5957505
2020-12-22,44.66743087768555,46.5,46.5,45.625,45.625,5003123
2020-12-23,45.02765274047852,46.875,47.25,46.3125,46.375,6080526
2020-12-24,44.72747039794922,46.5625,47.0625,46.5,46.875,3326513
2020-12-27,44.8475456237793,46.6875,46.75,46.5,46.5,3173737
2020-12-28,44.547359466552734,46.375,46.75,46.375,46.625,3061974
2020-12-29,44.48731994628906,46.3125,46.625,46.1875,46.5,3775209
2020-12-30,44.48731994628906,46.3125,46.5625,46.125,46.3125,3454403
2020-12-31,44.187137603759766,46.0,46.4375,46.0,46.3125,3324502
2021-01-03,43.64680480957031,45.4375,46.1875,45.4375,46.0,5771862
2021-01-04,44.127098083496094,45.9375,46.0,45.4375,45.625,5246473
2021-01-05,44.24717330932617,46.0625,46.0625,45.625,45.9375,4999619
2021-01-06,43.8869514465332,45.6875,46.0,45.5,46.0,3724844
2021-01-07,44.427284240722656,46.25,46.25,45.6875,45.6875,4367800
2021-01-10,44.72747039794922,46.5625,46.8125,46.375,46.4375,4769339
2021-01-11,45.02765274047852,46.875,46.875,46.5625,46.6875,6846883
2021-01-12,45.02765274047852,46.875,47.125,46.75,46.875,5351172
2021-01-13,45.02765274047852,46.875,46.9375,46.6875,46.875,3707848
2021-01-14,44.8475456237793,46.6875,46.875,46.5625,46.875,3215560
2021-01-17,44.66743087768555,46.5,46.625,46.4375,46.5625,2582176
2021-01-18,44.72747039794922,46.5625,46.5625,46.3125,46.5,4211465
2021-01-19,44.547359466552734,46.375,46.8125,46.375,46.5625,5009355
2021-01-20,44.427284240722656,46.25,46.5625,46.25,46.5,3981001
2021-01-21,44.36724853515625,46.1875,46.375,46.1875,46.3125,3963044
2021-01-24,44.127098083496094,45.9375,46.25,45.9375,46.25,2797385
2021-01-25,44.24717330932617,46.0625,46.1875,45.9375,45.9375,3037816
2021-01-26,43.8269157409668,45.625,46.0,45.625,46.0,4366878
2021-01-27,43.8269157409668,45.625,45.875,45.625,45.75,4385323
2021-01-28,43.8269157409668,45.625,45.75,45.375,45.625,6303729
2021-01-31,43.40665817260742,45.1875,45.625,45.1875,45.375,5536996
2021-02-01,43.22654724121094,45.0,45.4375,45.0,45.1875,4872662
2021-02-02,42.92636489868164,44.6875,45.3125,44.6875,45.1875,4780465
2021-02-03,43.04643630981445,44.8125,45.125,44.625,44.6875,8022281
2021-02-04,44.547359466552734,46.375,46.4375,44.75,44.75,9795696
2021-02-07,45.14772415161133,47.0,47.125,46.25,46.3125,9245412
2021-02-08,46.10831832885742,48.0,48.4375,46.9375,46.9375,11507873
2021-02-09,47.42912673950195,49.375,49.6875,48.1875,48.1875,10963920
2021-02-10,47.60923767089844,49.5625,50.0,49.375,49.5625,7448240
2021-02-11,48.02949523925781,50.0,50.0,49.4375,49.4375,8440046
2021-02-14,50.13078689575195,52.1875,52.1875,50.0,50.0,8254102
2021-02-15,51.03133773803711,53.125,54.4375,52.5,52.5,13846844
2021-02-16,50.19082260131836,52.25,53.375,51.75,53.1875,8282422
2021-02-17,50.43097305297852,52.5,52.8125,52.1875,52.1875,4573244
2021-02-18,50.07075119018555,52.125,52.5,51.875,52.25,5220486
2021-02-21,50.55104446411133,52.625,53.4375,52.125,52.125,5615928
2021-02-22,50.73115158081055,52.8125,53.25,52.5,52.6875,6428955
2021-02-23,52.77240753173828,54.9375,55.0,52.9375,53.0625,14833731
2021-02-24,53.55288696289063,55.75,56.5625,54.3125,55.0625,13510390
2021-02-25,54.63355255126953,56.875,57.5,56.1875,56.25,11581678
2021-02-28,53.6729621887207,55.875,56.875,55.4375,55.5625,7223444
2021-03-01,52.41218566894531,54.5625,56.625,54.4375,56.0625,7731264
2021-03-02,53.73299789428711,55.9375,56.25,54.375,54.4375,7799577
2021-03-03,53.85307312011719,56.0625,56.625,55.3125,56.0,6116092
2021-03-04,53.43281173706055,55.625,56.25,55.625,55.9375,4898916
2021-03-07,53.91311264038086,56.125,56.375,56.0625,56.125,4126828
2021-03-08,54.9937744140625,57.25,57.25,56.0,56.25,7269700
2021-03-09,57.63539505004883,60.0,60.625,57.1875,57.1875,15155902
2021-03-10,59.436500549316406,61.875,62.4375,60.1875,60.1875,14412160
2021-03-11,58.41587448120117,60.8125,62.4375,60.4375,61.9375,8832824
2021-03-14,58.53594970703125,60.9375,61.5625,60.875,61.0,3790433
2021-03-15,57.81550598144531,60.1875,61.125,59.5,61.0625,7043091
2021-03-16,57.75546646118164,60.125,60.5,59.875,60.0625,6301150
2021-03-17,57.21514129638672,59.5625,60.125,59.125,60.125,3401736
2021-03-18,55.11384582519531,57.375,59.6875,57.375,59.4375,11777460
2021-03-21,55.2939567565918,57.5625,57.8125,56.8125,57.1875,6175804
2021-03-22,56.43465805053711,58.75,59.5625,57.25,57.5625,6341928
2021-03-23,56.19451141357422,58.5,59.4375,58.4375,58.75,4773745
2021-03-24,56.13447189331055,58.4375,58.75,57.5,58.5,3536776
2021-03-25,55.83428955078125,58.125,58.75,58.0,58.375,4164033
2021-03-28,56.13447189331055,58.4375,59.1875,58.0,58.1875,4104292
2021-03-29,56.97499084472656,59.3125,59.3125,58.5625,58.6875,5595809
2021-03-30,57.03566360473633,58.75,59.0,58.5625,58.8125,3452076
2021-03-31,59.948123931884766,61.75,61.75,59.5625,60.0,14597555
2021-04-01,59.82677459716797,61.625,62.1875,61.1875,61.75,9004411
2021-04-04,59.34136199951172,61.125,61.6875,60.625,61.3125,3090555
2021-04-05,59.03798294067383,60.8125,61.5625,60.8125,61.1875,2986120
2021-04-06,58.067161560058594,59.8125,61.125,59.75,60.875,6398611
2021-04-07,58.067161560058594,59.8125,59.8125,59.8125,59.8125,0
2021-04-08,57.7637825012207,59.5,60.0,59.1875,59.375,4620803
2021-04-11,57.7637825012207,59.5,59.5,59.5,59.5,0
2021-04-12,55.82213973999024,57.5,58.5,57.25,58.4375,8506985
2021-04-13,55.27605438232422,56.9375,58.0625,56.875,57.5625,6189732
2021-04-14,55.70079040527344,57.375,57.4375,56.0625,57.0,10127265
2021-04-15,57.15701675415039,58.875,59.125,57.4375,57.5,9879432
2021-04-18,57.33904647827149,59.0625,60.0,59.0,59.0625,4875939
2021-04-19,57.39972305297852,59.125,59.3125,58.5,59.25,5440292
2021-04-20,57.7637825012207,59.5,59.75,59.0625,59.1875,4437542
2021-04-21,58.24918746948242,60.0,60.875,59.8125,60.0,10108728
2021-04-22,58.73460006713867,60.5,60.6875,59.875,60.0625,6801632
2021-04-25,58.43121719360352,60.1875,60.625,60.125,60.5,3864670
2021-04-26,59.46271514892578,61.25,61.3125,60.125,60.125,7347524
2021-04-27,59.34136199951172,61.125,61.3125,60.75,61.25,5655315
2021-04-28,61.889766693115234,63.75,63.75,61.375,61.5625,19878038
2021-04-29,60.0088005065918,61.8125,63.375,61.75,63.125,11559841
2021-05-02,60.0088005065918,61.8125,62.0625,61.25,61.8125,4311963
2021-05-03,60.31217956542969,62.125,62.3125,61.625,61.75,4263435
2021-05-04,60.55488586425781,62.375,62.75,61.8125,62.1875,5878537
2021-05-05,60.13015365600586,61.9375,62.5,61.9375,62.3125,4882521
2021-05-06,60.37285614013672,62.1875,62.4375,61.3125,61.9375,7150142
2021-05-09,60.19083023071289,62.0,62.375,61.875,62.125,2963689
2021-05-10,60.49420928955078,62.3125,62.5,61.875,61.9375,4983779
2021-05-17,61.64706039428711,63.5,63.625,62.3125,62.4375,7332590
2021-05-18,62.49652862548828,64.375,65.125,63.75,63.75,5976235
2021-05-19,61.889766693115234,63.75,64.75,63.75,64.5,4349604
2021-05-20,61.52570724487305,63.375,64.125,62.625,63.875,5635040
2021-05-23,61.04029846191406,62.875,63.75,62.3125,63.375,5210854
2021-05-24,60.79759216308594,62.625,63.375,62.5,62.875,5288201
2021-05-25,61.889766693115234,63.75,63.75,62.75,62.75,6843185
2021-05-26,61.76840972900391,63.625,64.125,63.375,63.75,4097396
2021-05-27,62.49652862548828,64.375,64.375,63.375,63.625,7665132
2021-05-30,62.8605842590332,64.75,65.125,64.125,64.25,4714918
2021-05-31,62.61787796020508,64.5,65.0,64.25,64.75,4474955
2021-06-01,63.10329055786133,65.0,65.25,64.5,64.5,8027632
2021-06-02,63.10329055786133,65.0,65.375,64.75,65.25,3421884
2021-06-03,62.73923110961914,64.625,65.125,64.5,64.875,6598089
2021-06-06,62.73923110961914,64.625,65.125,64.5,64.625,3882651
2021-06-07,62.73923110961914,64.625,64.875,64.5,64.5,3200702
2021-06-08,63.22464370727539,65.125,65.125,64.625,64.625,6012684
2021-06-09,63.710052490234375,65.625,65.625,65.125,65.125,5265726
2021-06-10,64.07411193847656,66.0,66.75,65.625,65.625,6519724
2021-06-13,66.50115966796875,68.5,68.625,66.25,66.375,6463510
2021-06-14,68.56415557861328,70.625,71.875,68.5,68.5,12838768
2021-06-15,67.10791778564453,69.125,71.125,68.875,70.75,7140692
2021-06-16,67.10791778564453,69.125,69.75,69.0,69.25,3297708
2021-06-17,66.74385833740234,68.75,69.5,68.75,69.25,7537337
2021-06-20,65.53033447265625,67.5,68.875,67.25,68.75,5195252
2021-06-21,67.10791778564453,69.125,69.125,67.125,67.5,5416574
2021-06-22,66.74385833740234,68.75,69.75,68.5,69.375,4273720
2021-06-23,66.50115966796875,68.5,69.25,68.375,68.875,2659356
2021-06-24,67.10791778564453,69.125,69.25,68.625,68.625,3326534
2021-06-27,67.10791778564453,69.125,69.125,69.125,69.125,0
2021-06-28,67.47197723388672,69.5,69.625,69.0,69.25,3084118
2021-06-29,66.986572265625,69.0,69.625,69.0,69.25,3963339
2021-06-30,67.35063171386719,69.375,69.5,69.0,69.25,5464584
2021-07-01,67.59333038330078,69.625,69.75,69.125,69.375,4021052
2021-07-04,68.44279479980469,70.5,70.875,69.75,69.75,5872155
2021-07-05,68.2000961303711,70.25,70.75,69.875,70.25,4506360
2021-07-06,67.8360366821289,69.875,70.5,69.875,70.125,3315798
2021-07-07,68.08181762695312,69.25,69.5,68.75,69.375,3898193
2021-07-08,66.60712432861328,67.75,69.0,67.75,68.875,5761694
2021-07-11,65.5010986328125,66.625,68.375,66.0,68.125,6485670
2021-07-12,66.11555480957031,67.25,67.75,66.125,66.375,6382020
2021-07-13,66.11555480957031,67.25,67.875,66.875,67.375,3945297
2021-07-14,66.36133575439453,67.5,67.875,67.0,67.25,3036755
2021-07-15,66.4842300415039,67.625,68.75,67.625,67.875,3657027
2021-07-25,67.2215805053711,68.375,69.5,68.125,68.125,2769912
2021-07-26,67.59024810791016,68.75,68.875,68.125,68.75,2461644
2021-07-27,67.2215805053711,68.375,69.0,68.375,68.375,2648219
2021-07-28,67.46736145019531,68.625,68.875,68.25,68.25,2879011
2021-07-29,68.2047119140625,69.375,69.375,68.625,68.625,3655368
2021-08-01,69.55651092529297,70.75,71.375,69.5,69.625,8705625
2021-08-02,71.89144897460938,73.125,73.125,71.25,71.25,9001945
2021-08-03,72.7516860961914,74.0,74.375,73.125,73.125,5583164
2021-08-04,72.38301849365234,73.625,74.125,73.125,74.0,3529854
2021-08-05,72.01434326171875,73.25,73.5,72.75,73.5,3493758
2021-08-08,72.50590515136719,73.75,74.0,73.125,73.125,2972292
2021-08-09,72.62879943847656,73.875,74.125,73.375,73.75,3215051
2021-08-10,73.120361328125,74.375,74.625,73.875,73.875,3846539
2021-08-11,73.36614227294922,74.625,75.0,74.375,74.375,4522620
2021-08-12,74.34927368164062,75.625,76.25,74.75,74.75,5927718
2021-08-15,74.8408432006836,76.125,76.125,75.375,75.625,2349086
2021-08-16,74.22638702392578,75.5,76.625,75.375,76.0,5363425
2021-08-17,74.96372985839844,76.25,76.25,75.0,75.375,4796520
2021-08-18,75.20951843261719,76.5,76.75,76.0,76.25,2819208
2021-08-19,75.08662414550781,76.375,76.875,75.375,76.25,5392699
2021-08-22,73.73481750488281,75.0,76.75,74.875,76.375,3931724
2021-08-23,74.47216796875,75.75,76.25,75.125,75.125,4283126
2021-08-24,74.8408432006836,76.125,76.125,75.75,75.75,2635065
2021-08-25,74.34927368164062,75.625,76.25,75.25,76.125,3300177
2021-08-26,73.36614227294922,74.625,75.625,74.625,75.625,3347492
2021-08-29,74.22638702392578,75.5,75.625,74.625,75.125,3259227
2021-08-30,74.1034927368164,75.375,75.75,74.875,75.75,3838475
2021-08-31,74.34927368164062,75.625,75.75,75.0,75.375,7540627
2021-09-01,73.98060607910156,75.25,75.75,75.25,75.625,3633513
2021-09-02,73.98060607910156,75.25,75.625,75.25,75.25,2346534
2021-09-05,74.1034927368164,75.375,75.625,75.25,75.375,2400971
2021-09-06,74.96372985839844,76.25,76.25,75.375,75.375,4112779
2021-09-07,75.33240509033203,76.625,77.75,76.375,76.375,5313614
2021-09-08,76.1926498413086,77.5,77.5,76.625,76.875,3992563
2021-09-09,76.06975555419922,77.375,77.625,77.0,77.375,3079824
2021-09-12,75.20951843261719,76.5,77.5,76.25,77.25,5982864
2021-09-13,74.96372985839844,76.25,76.5,75.625,76.25,4694088
2021-09-14,74.8408432006836,76.125,76.75,76.0,76.375,3243216
2021-09-15,75.08662414550781,76.375,76.625,76.0,76.375,2835388
2021-09-16,75.823974609375,77.125,77.125,76.25,76.375,5197606
2021-09-19,75.08662414550781,76.375,76.875,76.125,76.75,3017856
2021-09-20,74.71794891357422,76.0,76.25,75.625,76.0,3744014
2021-09-21,75.08662414550781,76.375,76.5,75.125,75.75,3608947
2021-09-22,74.34927368164062,75.625,76.5,75.625,75.875,2410032
2021-09-26,74.8408432006836,76.125,76.375,75.75,76.25,2466387
2021-09-27,74.59506225585938,75.875,76.25,75.625,76.125,3471625
2021-09-28,74.59506225585938,75.875,76.5,75.5,75.875,3803347
2021-09-29,74.34927368164062,75.625,76.0,75.25,75.625,3044086
2021-09-30,75.33240509033203,76.625,76.75,75.5,75.625,6056812
2021-10-03,75.823974609375,77.125,77.75,76.25,76.5,5294451
2021-10-04,77.05288696289062,78.375,79.0,77.125,77.125,10349520
2021-10-05,78.77336883544922,80.125,80.625,78.375,78.375,6772611
2021-10-06,79.38782501220703,80.75,81.875,80.5,80.625,6764185
2021-10-07,80.12516784667969,81.5,81.625,80.75,80.75,4254691
2021-10-10,82.4601058959961,83.875,84.5,81.625,81.75,6527507
2021-10-11,82.4601058959961,83.875,83.875,83.875,83.875,0
2021-10-12,82.95167541503906,84.375,84.625,83.375,84.375,3401324
2021-10-13,82.70588684082031,84.125,84.375,83.625,84.25,2755844
2021-10-14,82.58300018310547,84.0,84.25,83.625,84.125,3217753
2021-10-17,82.70588684082031,84.125,84.875,84.125,84.375,2495532
2021-10-18,82.82878112792969,84.25,84.75,83.875,84.125,2602636
2021-10-19,85.40950012207031,86.875,86.875,84.5,84.5,5857636
2021-10-20,86.76130676269531,88.25,88.625,86.5,87.0,5946046
2021-10-21,87.25286865234375,88.75,89.25,88.125,88.75,4558003
2021-10-24,84.67214965820312,86.125,88.75,85.875,88.75,6172684
2021-10-25,86.02395629882812,87.5,87.875,84.5,86.125,3656491
2021-10-26,85.53239440917969,87.0,88.125,87.0,87.5,4388065
2021-10-27,85.28660583496094,86.75,87.625,86.625,87.0,3632280
2021-10-28,85.1637191772461,86.625,87.5,85.5,86.75,6070344
2021-10-31,85.40950012207031,86.875,87.5,86.625,86.625,2697939
2021-11-01,85.53239440917969,87.0,87.5,87.0,87.0,2510214
2021-11-02,87.00708770751953,88.5,88.625,87.125,87.125,5316220
2021-11-03,86.88419342041016,88.375,89.25,87.625,88.5,4238995
2021-11-04,87.25286865234375,88.75,88.75,87.25,88.375,4330868
2021-11-07,89.21913146972656,90.75,91.0,88.5,89.0,7801686
2021-11-08,91.7998504638672,93.375,93.625,91.0,91.0,10239187
2021-11-09,90.32515716552734,91.875,94.375,91.875,93.5,8629164
2021-11-10,91.55406951904295,93.125,93.5,91.75,91.875,5089579
2021-11-11,91.55406951904295,93.125,93.75,92.625,93.125,4500115
2021-11-14,91.4311752319336,93.0,93.625,92.5,93.5,3222384
2021-11-15,91.0625,92.625,93.375,92.375,93.0,3438417
2021-11-16,90.93961334228516,92.5,93.0,91.875,92.75,3566084
2021-11-17,90.57093811035156,92.125,92.75,91.875,92.5,3450006
2021-11-18,90.57093811035156,92.125,92.125,92.125,92.125,0
2021-11-21,87.00708770751953,88.5,89.875,87.625,89.875,5310235
2021-11-22,83.0745620727539,84.5,89.375,84.125,87.75,6875964
2021-11-23,84.7950439453125,86.25,87.75,82.25,84.0,8977667
2021-11-24,87.25286865234375,88.75,89.5,86.75,87.125,5647331
2021-11-25,86.88419342041016,88.375,90.625,88.375,88.625,5595632
2021-11-28,86.88419342041016,88.375,88.375,88.375,88.375,0
2021-11-29,82.95167541503906,84.375,85.875,83.375,85.0,8730084
2021-11-30,81.23119354248047,82.625,84.375,81.25,84.375,13230576
2021-12-01,82.58300018310547,84.0,85.0,83.25,84.0,5543486
2021-12-02,81.96854400634766,83.375,84.25,83.125,83.75,4809086
2021-12-05,84.91793060302734,86.375,86.375,83.625,83.625,6247708
2021-12-06,84.18058776855469,85.625,89.125,85.625,87.625,8984184
2021-12-07,85.40950012207031,86.875,87.5,86.25,86.625,4919750
2021-12-08,83.4432373046875,84.875,87.125,84.875,87.0,3729696
2021-12-09,82.82878112792969,84.25,86.0,83.625,85.125,4089761
2021-12-12,82.82878112792969,84.25,84.75,83.375,84.125,4013696
2021-12-13,83.68901824951172,85.125,85.875,84.625,84.625,3512214
2021-12-14,84.05769348144531,85.5,85.75,84.25,85.5,3595849
2021-12-15,85.40950012207031,86.875,87.125,85.25,85.625,4770468
2021-12-16,87.25286865234375,88.75,90.0,87.25,87.5,9432772
2021-12-19,85.90106201171875,87.375,88.625,86.75,87.625,3160713
2021-12-20,85.7781753540039,87.25,87.25,85.75,86.875,4592275
2021-12-21,87.1299819946289,88.625,88.625,87.125,87.375,4269915
2021-12-22,86.02395629882812,87.5,89.125,87.125,88.75,3954003
2021-12-23,86.76130676269531,88.25,88.5,87.5,87.875,3151332
2021-12-26,86.02395629882812,87.5,88.75,87.375,88.25,2305592
2021-12-27,85.40950012207031,86.875,87.875,86.75,87.375,2744878
2021-12-28,87.86732482910156,89.375,89.375,87.375,87.5,4588033
2021-12-29,86.63841247558594,88.125,90.25,87.5,89.375,7884528
2021-12-30,87.1299819946289,88.625,89.75,87.125,88.25,6826529
2022-01-02,87.99021911621094,89.5,89.75,88.375,88.875,4634990
2022-01-03,87.74443817138672,89.25,90.5,88.25,89.125,6670904
2022-01-04,87.74443817138672,89.25,89.875,88.5,89.875,4651737
2022-01-05,87.62154388427734,89.125,89.625,88.75,89.125,3808107
2022-01-06,87.49864959716797,89.0,89.75,88.625,88.875,4369828
2022-01-09,88.11311340332031,89.625,89.75,88.875,89.0,3704302
2022-01-10,89.46491241455078,91.0,91.125,89.625,89.625,8366780
2022-01-11,92.0456314086914,93.625,93.625,90.75,91.25,7814084
2022-01-12,92.53720092773438,94.125,94.125,93.0,93.75,6104897
2022-01-13,92.7829818725586,94.375,94.625,93.625,94.125,5931473
2022-01-16,92.29141998291016,93.875,94.875,93.5,94.375,6424368
2022-01-17,92.16852569580078,93.75,94.375,93.125,94.125,4836475
2022-01-18,91.0625,92.625,94.0,92.625,93.75,5022611
2022-01-19,92.414306640625,94.0,94.0,91.75,92.625,5851278
2022-01-20,92.414306640625,94.0,94.375,93.25,94.25,5672939
2022-01-23,91.7998504638672,93.375,93.875,92.5,93.875,3031600
2022-01-24,90.57093811035156,92.125,93.625,92.125,93.375,3787144
2022-01-25,90.81671905517578,92.375,92.625,91.25,92.25,5895667
2022-01-26,90.81671905517578,92.375,92.375,92.375,92.375,0
2022-01-27,90.81671905517578,92.375,92.375,92.375,92.375,0
2022-01-30,90.93961334228516,92.5,93.125,92.375,92.625,4440571
2022-01-31,91.0625,92.625,93.75,92.5,92.5,6834811
2022-02-01,90.81671905517578,92.375,93.5,92.0,93.25,4763358
2022-02-02,90.81671905517578,92.375,92.875,92.375,92.5,3443107
2022-02-03,90.93961334228516,92.5,92.875,92.25,92.5,3257193
2022-02-06,91.4311752319336,93.0,93.125,92.5,92.625,3428179
2022-02-07,91.7998504638672,93.375,93.5,92.875,93.0,4249280
2022-02-08,91.18539428710938,92.75,93.875,92.5,93.5,4136113
2022-02-09,90.93961334228516,92.5,93.125,92.0,93.0,3684128
2022-02-10,92.0456314086914,93.625,93.625,92.375,92.5,4185702
2022-02-13,90.93961334228516,92.5,93.375,91.875,92.75,4499174
2022-02-14,92.16852569580078,93.75,93.75,92.0,92.625,8031566
2022-02-15,95.85526275634766,97.5,97.5,93.625,93.75,15992454
2022-02-16,97.94441986083984,99.625,100.5,97.5,97.625,10218334
2022-02-17,97.45285034179688,99.125,99.75,98.25,99.625,6171083
2022-02-20,103.22874450683594,105.0,106.125,102.5,102.5,14767596
2022-02-21,101.0167007446289,102.75,105.625,102.75,105.125,8662896
2022-02-23,97.69863891601562,99.375,102.5,99.25,101.875,9584163
2022-02-24,95.24080657958984,96.875,98.5,95.25,96.875,38549065
2022-02-27,95.36370086669922,97.0,99.875,96.875,99.375,7580948
2022-02-28,98.55887603759766,100.25,100.25,96.375,97.0,7813219
2022-03-01,98.31309509277344,100.0,102.375,99.5,100.25,8877232
2022-03-02,96.34683227539062,98.0,100.875,98.0,100.625,6419304
2022-03-03,96.22393798828124,97.875,99.5,97.75,98.75,8268540
2022-03-06,95.85526275634766,97.5,98.75,97.25,98.125,4944331
2022-03-07,94.5034637451172,96.125,97.75,95.75,97.75,6749040
2022-03-08,95.36370086669922,97.0,97.75,95.625,96.125,9283307
2022-03-09,94.3805694580078,96.0,97.75,96.0,96.875,6351395
2022-03-10,94.7492446899414,96.375,96.75,95.625,96.25,6843795
2022-03-13,94.62635040283205,96.25,97.625,96.25,97.375,5621321
2022-03-14,92.7829818725586,94.375,97.125,94.375,96.625,6269926
2022-03-15,92.7829818725586,94.375,95.0,93.75,94.25,8154404
2022-03-16,94.5034637451172,96.125,96.75,94.75,95.25,6724412
2022-03-17,97.69863891601562,99.375,100.125,97.375,98.5,12636028
2022-03-20,97.57574462890624,99.25,100.625,98.625,99.5,5022480
2022-03-21,97.20706939697266,98.875,100.5,98.875,99.375,7486908
2022-03-22,95.36370086669922,97.0,99.25,96.875,98.875,7405220
2022-03-23,96.71550750732422,98.375,98.5,97.0,97.125,4239640
2022-03-24,95.97815704345705,97.625,98.5,97.5,98.375,3872190
2022-03-27,97.69863891601562,99.375,99.375,97.375,97.5,4080806
2022-03-28,98.31309509277344,100.0,100.25,98.75,99.25,6031142
2022-03-29,98.92755126953124,100.625,101.0,99.625,100.25,5392358
2022-03-30,98.19020080566406,99.875,100.75,99.125,100.625,6660174
2022-03-31,98.68177032470705,100.375,100.625,99.625,99.875,5440041
2022-04-03,98.80465698242188,100.5,101.5,100.25,101.125,3131332
2022-04-04,98.80465698242188,100.5,100.5,100.5,100.5,0
2022-04-05,100.0335693359375,101.75,101.875,100.375,100.75,4936388
2022-04-06,99.78778839111328,101.5,102.375,100.75,100.875,9194467
2022-04-07,101.0167007446289,102.75,103.0,101.5,101.625,6276824
2022-04-10,101.50827026367188,103.25,103.625,102.625,102.875,4889502
2022-04-11,102.86007690429688,104.625,104.75,103.25,103.5,6617430
2022-04-12,105.93235778808594,107.75,107.75,104.625,105.0,9408049
2022-04-13,103.84320831298828,105.625,108.125,105.5,107.75,9829329
2022-04-14,105.31790161132812,107.125,107.125,103.875,105.625,6319782
2022-04-17,109.12753295898438,111.0,112.125,107.25,108.125,9277494
2022-04-18,112.19981384277344,114.125,114.25,111.0,111.0,8968585
2022-04-19,108.26729583740234,110.125,114.75,110.125,114.5,9742012
2022-04-20,110.9709014892578,112.875,112.875,109.125,110.125,7030625
2022-04-21,110.47933959960938,112.375,114.125,112.0,113.25,6544920
2022-04-24,110.47933959960938,112.375,113.375,110.5,111.75,3213987
2022-04-25,112.81427764892578,114.75,114.75,111.75,112.375,5568097
2022-04-26,111.21669006347656,113.125,115.875,111.625,114.875,9712937
2022-04-27,109.9877700805664,111.875,113.375,110.625,113.0,7324488
2022-04-28,108.51307678222656,110.375,112.375,109.375,112.25,9415084
2022-05-08,110.47933959960938,112.375,112.5,110.875,111.875,7360142
2022-05-09,110.7005386352539,112.5999984741211,117.4000015258789,112.1999969482422,114.8000030517578,13637397
2022-05-10,106.17813873291016,108.0,113.0,107.1999969482422,112.5999984741211,8391406
2022-05-11,105.39163208007812,107.1999969482422,108.0,104.0,108.0,11653717
2022-05-12,98.5097198486328,100.1999969482422,107.4000015258789,100.1999969482422,107.1999969482422,14150726
2022-05-15,102.04899597167967,103.8000030517578,104.8000030517578,99.5,101.1999969482422,9394817
2022-05-16,98.31309509277344,100.0,105.4000015258789,100.0,105.0,12692808
2022-05-17,94.3805694580078,96.0,100.8000030517578,95.4000015258789,100.0,15757249
2022-05-18,94.3805694580078,96.0,96.0,96.0,96.0,0
2022-05-19,91.92274475097656,93.5,95.4000015258789,92.5999984741211,94.9000015258789,10540663
2022-05-22,91.3328628540039,92.9000015258789,94.9000015258789,90.9000015258789,94.8000030517578,10720843
2022-05-23,89.26829528808594,90.8000030517578,94.0,90.5,93.9000015258789,8364916
2022-05-24,89.56322479248047,91.0999984741211,91.9000015258789,90.1999969482422,90.8000030517578,7501807
2022-05-25,92.414306640625,94.0,94.6999969482422,91.1999969482422,91.5999984741211,9672364
2022-05-26,92.31599426269533,93.9000015258789,95.5999984741211,93.4000015258789,95.0,8041385
2022-05-29,94.4788818359375,96.0999984741211,96.4000015258789,94.6999969482422,94.6999969482422,7280275
2022-05-30,98.5097198486328,100.1999969482422,100.1999969482422,96.1999969482422,96.1999969482422,9710973
2022-05-31,97.23165130615234,98.9000015258789,102.1999969482422,98.4000015258789,100.5999984741211,16248788
2022-06-01,94.97044372558594,96.5999984741211,99.5,96.5999984741211,99.0,5583551
2022-06-02,93.79069519042967,95.4000015258789,97.0,94.9000015258789,97.0,7334144
2022-06-05,94.28225708007812,95.9000015258789,96.1999969482422,94.5999984741211,95.4000015258789,3719233
2022-06-06,95.26538848876952,96.9000015258789,98.1999969482422,96.0,96.0,5745627
2022-06-07,93.4957504272461,95.0999984741211,97.3000030517578,94.9000015258789,97.0999984741211,6766183
2022-06-08,92.414306640625,94.0,95.9000015258789,93.6999969482422,95.0,5853183
2022-06-09,92.61093139648438,94.1999969482422,94.1999969482422,92.8000030517578,94.0,5254545
2022-06-12,91.52948760986328,93.0999984741211,93.8000030517578,91.9000015258789,93.0,3787289
2022-06-13,89.66153717041016,91.1999969482422,93.9000015258789,91.0999984741211,93.0,8453426
2022-06-14,88.58009338378906,90.0999984741211,92.0999984741211,87.0999984741211,91.1999969482422,12394361
2022-06-15,87.99021911621094,89.5,91.4000015258789,89.5,90.0999984741211,6923816
2022-06-16,84.74588012695312,86.19999694824219,91.3000030517578,86.19999694824219,90.5,11954037
2022-06-19,80.81336212158203,82.19999694824219,85.5,82.19999694824219,85.0,7773646
2022-06-20,81.69818115234375,83.0999984741211,84.0999984741211,81.69999694824219,82.5,6004146
2022-06-21,84.4509506225586,85.9000015258789,86.19999694824219,83.4000015258789,83.69999694824219,6437382
2022-06-22,80.81336212158203,82.19999694824219,85.80000305175781,82.19999694824219,85.80000305175781,6945932
2022-06-23,81.59986877441406,83.0,84.30000305175781,82.30000305175781,83.0,5627620
2022-06-26,83.1728744506836,84.5999984741211,85.5999984741211,84.19999694824219,85.19999694824219,4782464
2022-06-27,82.77962493896484,84.19999694824219,86.4000015258789,84.0,86.0,5565641
2022-06-28,83.56613159179688,85.0,85.0,83.4000015258789,84.30000305175781,2894160
2022-06-29,83.27118682861328,84.69999694824219,85.4000015258789,84.0999984741211,84.9000015258789,3142919
2022-06-30,81.1082992553711,82.5,85.30000305175781,82.4000015258789,84.80000305175781,7252332
2022-07-03,79.04373168945312,80.4000015258789,83.30000305175781,80.0,83.0,7132444
2022-07-04,78.65047454833984,80.0,80.80000305175781,78.69999694824219,80.5,5994836
2022-07-05,78.65047454833984,80.0,80.69999694824219,79.4000015258789,80.0,4338904
2022-07-06,80.22348022460938,81.5999984741211,82.5,79.4000015258789,80.0,4622659
2022-07-13,79.73191833496094,81.0999984741211,83.4000015258789,80.9000015258789,82.0,5428590
2022-07-14,78.94541931152344,80.30000305175781,81.5,79.5999984741211,81.0999984741211,2511004
2022-07-17,79.73191833496094,81.0999984741211,82.5999984741211,80.9000015258789,82.30000305175781,2866817
2022-07-18,81.59986877441406,83.0,83.0,81.19999694824219,81.30000305175781,5097361
2022-07-19,83.46781921386719,84.9000015258789,84.9000015258789,82.80000305175781,83.30000305175781,5205329
2022-07-20,86.02395629882812,87.5,89.5,85.4000015258789,85.4000015258789,8699835
2022-07-21,87.49864959716797,89.0,89.0,86.5,88.4000015258789,4281056
2022-07-24,87.49864959716797,89.0,89.0,89.0,89.0,0
2022-07-25,85.82733154296875,87.30000305175781,88.0999984741211,86.69999694824219,88.0999984741211,3652774
2022-07-26,86.02395629882812,87.5,87.9000015258789,86.5999984741211,87.4000015258789,2965989
2022-07-27,87.10540008544922,88.5999984741211,89.30000305175781,87.5999984741211,87.80000305175781,4908057
2022-07-28,88.08853149414062,89.5999984741211,90.5,89.0,89.5,6836670
2022-07-31,87.40034484863281,88.9000015258789,90.5,88.5999984741211,90.3000030517578,5373241
2022-08-01,87.79359436035156,89.30000305175781,89.5999984741211,88.5,89.30000305175781,4419484
2022-08-02,86.61383056640625,88.0999984741211,89.30000305175781,87.9000015258789,89.30000305175781,5071318
2022-08-03,85.82733154296875,87.30000305175781,88.19999694824219,86.9000015258789,88.0999984741211,4200200
2022-08-04,86.02395629882812,87.5,88.4000015258789,86.9000015258789,87.5,4101298
2022-08-07,84.74588012695312,86.19999694824219,87.69999694824219,86.0,87.5999984741211,3088399
2022-08-08,84.54926300048828,86.0,87.19999694824219,85.80000305175781,86.19999694824219,3533736
2022-08-09,84.4509506225586,85.9000015258789,86.30000305175781,85.4000015258789,86.0,3814494
2022-08-10,85.92564392089844,87.4000015258789,87.5,85.9000015258789,86.0999984741211,4933335
2022-08-11,86.4172134399414,87.9000015258789,89.30000305175781,87.4000015258789,88.0,6664489
2022-08-14,86.51551818847656,88.0,88.69999694824219,87.69999694824219,88.30000305175781,3324340
2022-08-15,86.51551818847656,88.0,88.4000015258789,87.5999984741211,88.0999984741211,3655515
2022-08-16,86.51551818847656,88.0,88.19999694824219,87.69999694824219,88.0999984741211,4194151
2022-08-17,87.89190673828125,89.4000015258789,89.4000015258789,87.9000015258789,88.0,7220011
2022-08-18,89.3666000366211,90.9000015258789,91.3000030517578,89.5999984741211,89.5999984741211,8491295
2022-08-21,89.46491241455078,91.0,91.5999984741211,90.4000015258789,91.1999969482422,5560082
2022-08-22,90.2514190673828,91.8000030517578,92.3000030517578,90.5999984741211,90.9000015258789,6441774
2022-08-23,89.3666000366211,90.9000015258789,92.8000030517578,90.8000030517578,91.8000030517578,6892253
2022-08-24,89.07166290283203,90.5999984741211,91.3000030517578,89.80000305175781,90.9000015258789,4061991
2022-08-25,90.4480438232422,92.0,92.0,90.9000015258789,91.0,4400635
2022-08-28,89.16997528076172,90.6999969482422,91.5,90.5999984741211,91.0,4704758
2022-08-29,89.56322479248047,91.0999984741211,91.5999984741211,90.5,90.6999969482422,5357778
2022-08-30,89.07166290283203,90.5999984741211,91.6999969482422,90.5,91.3000030517578,3845055
2022-08-31,88.67840576171875,90.1999969482422,90.4000015258789,89.30000305175781,90.4000015258789,5555550
2022-09-01,87.40034484863281,88.9000015258789,90.4000015258789,88.0,90.1999969482422,4771036
2022-09-04,87.00708770751953,88.5,88.80000305175781,88.0,88.80000305175781,2860941
2022-09-05,86.31890106201172,87.80000305175781,88.9000015258789,87.69999694824219,88.0,4622841
2022-09-06,84.94251251220703,86.4000015258789,88.30000305175781,86.19999694824219,87.80000305175781,5096850
2022-09-07,84.25431823730469,85.69999694824219,87.30000305175781,85.30000305175781,86.4000015258789,4802348
2022-09-08,84.25431823730469,85.69999694824219,86.4000015258789,84.5,85.80000305175781,7004762
2022-09-11,85.43408203125,86.9000015258789,87.19999694824219,86.30000305175781,86.69999694824219,4239223
2022-09-12,87.2037124633789,88.69999694824219,88.69999694824219,86.80000305175781,87.4000015258789,4451772
2022-09-13,88.97335052490234,90.5,90.5,88.80000305175781,88.9000015258789,4949265
2022-09-14,87.00708770751953,88.5,89.80000305175781,87.9000015258789,88.0,6295543
2022-09-15,86.12226867675781,87.5999984741211,90.0,87.5999984741211,88.5999984741211,7735500
2022-09-18,84.25431823730469,85.69999694824219,87.80000305175781,85.5,87.5999984741211,2768966
2022-09-19,83.1728744506836,84.5999984741211,86.0999984741211,83.80000305175781,85.69999694824219,3695922
2022-09-20,83.56613159179688,85.0,86.0,85.0,85.19999694824219,3334519
2022-09-21,83.0745620727539,84.5,85.4000015258789,84.0,85.0,2689316
2022-09-25,80.32179260253906,81.69999694824219,82.5999984741211,81.4000015258789,81.69999694824219,4501034
2022-09-26,77.17578125,78.5,82.0999984741211,78.5,81.5,7878245
2022-09-27,78.35552978515625,79.69999694824219,80.9000015258789,78.5999984741211,79.5,5554613
2022-09-28,78.55216217041016,79.9000015258789,80.9000015258789,79.5,80.4000015258789,6579086
2022-09-29,79.92855072021484,81.30000305175781,81.4000015258789,80.19999694824219,80.5,6167163
2022-10-02,81.1082992553711,82.5,82.80000305175781,80.4000015258789,81.30000305175781,3767551
2022-10-03,81.59986877441406,83.0,84.0,82.80000305175781,83.0,3346477
2022-10-04,81.59986877441406,83.0,83.0,83.0,83.0,0
2022-10-05,83.3695068359375,84.80000305175781,85.80000305175781,84.0999984741211,85.80000305175781,3764927
2022-10-06,82.77962493896484,84.19999694824219,85.19999694824219,84.19999694824219,85.0,2064765
2022-10-09,81.0099868774414,82.4000015258789,84.19999694824219,82.4000015258789,84.19999694824219,2350634
2022-10-10,81.1082992553711,82.5,83.19999694824219,81.5,82.4000015258789,2193579
2022-10-11,80.51842498779297,81.9000015258789,82.5999984741211,81.30000305175781,82.5,2895353
2022-10-12,80.91168212890625,82.30000305175781,83.0,81.9000015258789,82.0999984741211,2802875
2022-10-13,79.92855072021484,81.30000305175781,82.5999984741211,81.30000305175781,82.19999694824219,2148339
2022-10-16,80.32179260253906,81.69999694824219,82.0999984741211,80.5999984741211,81.4000015258789,1858648
2022-10-17,81.99311828613281,83.4000015258789,84.0,82.0,82.19999694824219,2959919
2022-10-18,84.54926300048828,86.0,86.0,83.9000015258789,84.19999694824219,5219276
2022-10-19,84.25431823730469,85.69999694824219,87.0,85.0999984741211,86.5,4374499
2022-10-20,86.2205810546875,87.69999694824219,87.69999694824219,85.80000305175781,86.0,6899038
2022-10-23,86.02395629882812,87.5,88.69999694824219,87.4000015258789,88.4000015258789,6365806
2022-10-24,86.61383056640625,88.0999984741211,88.0999984741211,86.69999694824219,87.19999694824219,4975783
2022-10-25,86.51551818847656,88.0,88.19999694824219,87.5,88.0999984741211,5418590
2022-10-26,85.04082489013672,86.5,88.30000305175781,86.0999984741211,88.0999984741211,4476490
2022-10-27,85.53239440917969,87.0,87.9000015258789,86.5,86.5999984741211,7246523
2022-10-30,84.4509506225586,85.9000015258789,87.5,85.9000015258789,87.0,3083811
2022-10-31,84.4509506225586,85.9000015258789,85.9000015258789,85.9000015258789,85.9000015258789,0
2022-11-01,83.56613159179688,85.0,85.4000015258789,84.5,85.4000015258789,3873794
2022-11-02,84.25431823730469,85.69999694824219,85.69999694824219,84.0,84.80000305175781,5674276
2022-11-03,82.87793731689453,84.30000305175781,85.4000015258789,84.0,85.0,5673832
2022-11-06,83.27118682861328,84.69999694824219,86.19999694824219,84.69999694824219,85.0,6262689
2022-11-07,84.05769348144531,85.5,85.5,84.4000015258789,84.69999694824219,3878897
2022-11-08,83.95938110351562,85.4000015258789,85.80000305175781,84.5,85.5999984741211,5438984
2022-11-09,83.86106872558594,85.30000305175781,85.69999694824219,84.69999694824219,85.4000015258789,4062981
2022-11-10,82.68131256103516,84.0999984741211,85.0,83.69999694824219,85.0,5361113
2022-11-13,82.58300018310547,84.0,84.9000015258789,83.69999694824219,84.5999984741211,4451243
2022-11-14,82.58300018310547,84.0,84.0999984741211,82.69999694824219,84.0,4087021
2022-11-15,82.97624969482422,84.4000015258789,84.4000015258789,83.5999984741211,84.4000015258789,4342293
2022-11-16,83.1728744506836,84.5999984741211,84.69999694824219,83.69999694824219,84.0,4169316
2022-11-17,83.0745620727539,84.5,84.80000305175781,84.0,84.5999984741211,4749564
2022-11-20,82.0914306640625,83.5,84.19999694824219,83.30000305175781,83.69999694824219,2222890
2022-11-21,81.79649353027344,83.19999694824219,83.5999984741211,82.80000305175781,83.5,3347657
2022-11-22,81.50155639648438,82.9000015258789,83.4000015258789,82.0,83.19999694824219,3562759
2022-11-24,81.40324401855469,82.80000305175781,82.80000305175781,81.5,82.69999694824219,4141519
2022-11-27,80.42011260986328,81.80000305175781,82.80000305175781,80.80000305175781,82.80000305175781,2509102
2022-11-28,80.42011260986328,81.80000305175781,82.19999694824219,79.5,80.5,4612499
2022-11-29,78.94541931152344,80.30000305175781,82.0999984741211,80.30000305175781,81.4000015258789,4034297
2022-11-30,78.94541931152344,80.30000305175781,80.30000305175781,80.30000305175781,80.30000305175781,0
2022-12-01,78.94541931152344,80.30000305175781,80.30000305175781,80.30000305175781,80.30000305175781,0
2022-12-04,78.65047454833984,80.0,80.4000015258789,79.9000015258789,80.0,2159338
2022-12-05,75.70108032226562,77.0,80.0999984741211,77.0,80.0999984741211,4527436
2022-12-06,76.48758697509766,77.80000305175781,77.80000305175781,75.30000305175781,77.0,9364018
2022-12-07,72.7516860961914,74.0,78.0999984741211,74.0,77.80000305175781,4903261
2022-12-08,73.73481750488281,75.0,76.30000305175781,73.80000305175781,74.30000305175781,6672428
2022-12-11,73.046630859375,74.30000305175781,76.19999694824219,74.0,75.4000015258789,3796869
2022-12-12,70.88373565673828,72.0999984741211,74.30000305175781,71.80000305175781,74.30000305175781,5339067
2022-12-13,73.73481750488281,75.0,75.5,72.5,73.0,5191994
2022-12-14,73.046630859375,74.30000305175781,77.30000305175781,73.4000015258789,76.0,5133333
2022-12-15,72.16181182861328,73.4000015258789,74.69999694824219,72.9000015258789,73.9000015258789,6536627
2022-12-18,72.26012420654297,73.5,74.0,72.9000015258789,73.19999694824219,1878095
2022-12-19,71.7685546875,73.0,73.69999694824219,72.30000305175781,73.5999984741211,3055276
2022-12-20,74.42301177978516,75.69999694824219,75.69999694824219,72.4000015258789,72.5,3835821
2022-12-21,73.43988037109375,74.69999694824219,76.5,74.5999984741211,75.9000015258789,3715941
2022-12-22,71.96517944335938,73.19999694824219,75.4000015258789,73.19999694824219,75.0,2296104
2022-12-25,72.65337371826172,73.9000015258789,74.30000305175781,73.19999694824219,73.5,1584847
2022-12-26,72.7516860961914,74.0,74.5,73.80000305175781,73.80000305175781,1059603
2022-12-27,74.0297622680664,75.30000305175781,75.9000015258789,74.19999694824219,74.30000305175781,3100925
2022-12-28,74.71794891357422,76.0,76.0,74.69999694824219,75.19999694824219,3605736
2022-12-29,73.93144226074219,75.19999694824219,76.4000015258789,75.19999694824219,76.0,3505631
2023-01-01,74.22638702392578,75.5,76.0,75.30000305175781,75.4000015258789,1515746
2023-01-02,74.9145736694336,76.19999694824219,76.4000015258789,75.19999694824219,75.5999984741211,1826457
2023-01-03,74.9145736694336,76.19999694824219,76.19999694824219,76.19999694824219,76.19999694824219,0
2023-01-04,74.9145736694336,76.19999694824219,78.30000305175781,76.0999984741211,77.0,3993993
2023-01-05,74.42301177978516,75.69999694824219,76.5,75.5999984741211,76.5,2926110
2023-01-08,74.22638702392578,75.5,76.5,75.0999984741211,76.0,2004768
2023-01-09,75.20951843261719,76.5,76.5999984741211,75.5,75.5999984741211,2485893
2023-01-10,74.61963653564453,75.9000015258789,76.5999984741211,75.69999694824219,76.5,2567402
2023-01-11,74.42301177978516,75.69999694824219,76.5999984741211,75.5999984741211,76.0,2415782
2023-01-12,76.58589935302734,77.9000015258789,77.9000015258789,75.9000015258789,75.9000015258789,4915645
2023-01-15,76.58589935302734,77.9000015258789,77.9000015258789,77.9000015258789,77.9000015258789,0
2023-01-16,76.48758697509766,77.80000305175781,78.5,77.5999984741211,77.80000305175781,3075970
2023-01-17,76.68421173095703,78.0,78.0,77.0999984741211,77.9000015258789,2573693
2023-01-18,76.68421173095703,78.0,78.0,77.0999984741211,77.9000015258789,2573693
2023-01-19,76.38926696777344,77.69999694824219,77.9000015258789,76.69999694824219,77.0,1949441
2023-01-22,76.38926696777344,77.69999694824219,77.69999694824219,77.69999694824219,77.69999694824219,0
2023-01-23,77.56903076171875,78.9000015258789,78.9000015258789,77.69999694824219,78.0999984741211,1838009
2023-01-24,78.1589126586914,79.5,80.0,78.80000305175781,78.80000305175781,2720302
2023-01-25,78.45384979248047,79.80000305175781,79.80000305175781,79.19999694824219,79.5,2057872
2023-01-26,79.53529357910156,80.9000015258789,81.30000305175781,79.4000015258789,80.0,8182659
2023-01-29,80.81336212158203,82.19999694824219,82.19999694824219,81.19999694824219,81.5,2977049
2023-01-30,80.51842498779297,81.9000015258789,82.30000305175781,79.80000305175781,82.19999694824219,10307709
2023-01-31,80.61673736572266,82.0,82.0,80.9000015258789,81.9000015258789,7549348
2023-02-01,79.73191833496094,81.0999984741211,82.19999694824219,80.69999694824219,82.0,5388779
2023-02-02,79.14203643798828,80.5,81.0999984741211,79.9000015258789,81.0,3463762
2023-02-05,77.66734313964844,79.0,80.30000305175781,78.30000305175781,80.30000305175781,4331917
2023-02-06,78.1589126586914,79.5,79.5,78.19999694824219,79.0,4377385
2023-02-07,76.8808364868164,78.19999694824219,79.80000305175781,78.19999694824219,79.5,2788916
2023-02-08,77.37239837646484,78.69999694824219,78.9000015258789,78.0,78.4000015258789,1790138
2023-02-09,75.99602508544922,77.30000305175781,78.80000305175781,76.5999984741211,78.69999694824219,4956686
2023-02-12,75.99602508544922,77.30000305175781,77.30000305175781,77.30000305175781,77.30000305175781,0
2023-02-13,75.40614318847656,76.69999694824219,77.0,76.30000305175781,76.5,3264894
2023-02-14,75.01289367675781,76.30000305175781,77.19999694824219,76.0,76.9000015258789,3402245
2023-02-15,75.40614318847656,76.69999694824219,76.9000015258789,76.0,76.0,4180791
2023-02-16,74.9145736694336,76.19999694824219,77.0999984741211,76.19999694824219,76.69999694824219,3326719
2023-02-19,74.22638702392578,75.5,76.4000015258789,75.30000305175781,76.30000305175781,2563882
2023-02-20,73.24325561523438,74.5,75.4000015258789,74.5,75.0999984741211,2738000
2023-02-21,72.94831085205078,74.19999694824219,75.4000015258789,73.69999694824219,74.5,3992546
2023-02-23,71.08036804199219,72.30000305175781,73.69999694824219,72.30000305175781,73.4000015258789,5207542
2023-02-26,69.80229949951172,71.0,72.5999984741211,70.69999694824219,72.30000305175781,3302649
2023-02-27,68.72085571289062,69.9000015258789,71.0999984741211,69.80000305175781,71.0,7724058
2023-02-28,69.11410522460938,70.30000305175781,70.5999984741211,69.0,70.0,10709463
2023-03-01,70.88373565673828,72.0999984741211,72.30000305175781,70.5,70.5999984741211,422
2023-03-02,72.45674896240234,73.69999694824219,74.30000305175781,72.30000305175781,72.4000015258789,500
2023-03-05,73.8331298828125,75.0999984741211,75.4000015258789,74.4000015258789,74.80000305175781,12520
2023-03-06,73.8331298828125,75.0999984741211,75.0999984741211,75.0999984741211,75.0999984741211,0
2023-03-07,73.8331298828125,75.0999984741211,75.0999984741211,75.0999984741211,75.0999984741211,0
2023-03-08,72.8499984741211,74.0999984741211,74.30000305175781,73.30000305175781,74.30000305175781,4815
2023-03-09,72.8499984741211,74.0999984741211,74.0999984741211,74.0999984741211,74.0999984741211,0
2023-03-12,72.8499984741211,74.0999984741211,74.0999984741211,74.0999984741211,74.0999984741211,0
2023-03-13,72.8499984741211,74.0999984741211,74.0999984741211,74.0999984741211,74.0999984741211,0
2023-03-14,71.37530517578125,72.5999984741211,74.5,72.5999984741211,74.0999984741211,688
2023-03-15,69.60567474365234,70.80000305175781,72.69999694824219,70.4000015258789,72.0999984741211,350
2023-03-16,69.40904235839844,70.5999984741211,71.9000015258789,70.0,70.9000015258789,1200
2023-03-19,69.40904235839844,70.5999984741211,70.5999984741211,70.5999984741211,70.5999984741211,0
2023-03-20,72.65337371826172,73.9000015258789,73.9000015258789,71.80000305175781,72.5,968
2023-03-21,72.8499984741211,74.0999984741211,74.80000305175781,73.5999984741211,73.5999984741211,259
2023-03-22,72.5999984741211,72.5999984741211,74.19999694824219,72.5999984741211,73.5999984741211,2500
2023-03-23,73.5,73.5,73.5,72.30000305175781,72.4000015258789,570
2023-03-26,73.5,73.5,73.5,73.5,73.5,0
2023-03-27,73.5,73.5,73.5,73.5,73.5,0
2023-03-28,73.5,73.5,73.5,73.5,73.5,0
2023-03-29,72.30000305175781,72.30000305175781,72.9000015258789,72.0999984741211,72.69999694824219,8248
2023-03-30,73.5,73.5,73.5999984741211,72.5,72.80000305175781,1000
2023-04-02,73.5,73.5,73.5,73.5,73.5,0
2023-04-03,74.19999694824219,74.19999694824219,74.19999694824219,73.69999694824219,73.9000015258789,2722
2023-04-04,75.69999694824219,75.69999694824219,75.80000305175781,74.5,74.5,500
2023-04-05,75.80000305175781,75.80000305175781,75.9000015258789,75.0999984741211,75.80000305175781,5000
2023-04-06,75.9000015258789,75.9000015258789,75.9000015258789,75.0,75.5,563
2023-04-09,76.69999694824219,76.69999694824219,77.0,76.0999984741211,76.0999984741211,300
2023-04-10,75.5,75.5,76.80000305175781,75.5,76.80000305175781,5000
2023-04-11,74.5999984741211,74.5999984741211,75.4000015258789,74.0,75.4000015258789,217
2023-04-12,75.19999694824219,75.19999694824219,75.4000015258789,74.5,74.5,2518
2023-04-13,75.5999984741211,75.5999984741211,76.0,75.0999984741211,75.19999694824219,500
2023-04-16,76.5,76.5,76.5,75.5,75.5999984741211,1000
2023-04-17,76.5,76.5,76.80000305175781,76.0,76.5,399
2023-04-25,77.0999984741211,77.0999984741211,77.19999694824219,76.30000305175781,76.5999984741211,1243
2023-04-26,78.0999984741211,78.0999984741211,78.5999984741211,76.9000015258789,77.0,200
2023-04-27,76.80000305175781,76.80000305175781,77.5,76.30000305175781,77.5,500
2023-04-30,76.80000305175781,76.80000305175781,76.80000305175781,76.80000305175781,76.80000305175781,0
2023-05-01,76.80000305175781,76.80000305175781,76.80000305175781,76.80000305175781,76.80000305175781,0
2023-05-02,75.19999694824219,75.19999694824219,76.30000305175781,74.80000305175781,76.0999984741211,2000
2023-05-03,74.0999984741211,74.0999984741211,75.0,73.69999694824219,74.69999694824219,2700
2023-05-04,74.4000015258789,74.4000015258789,74.80000305175781,73.80000305175781,73.9000015258789,500
2023-05-07,75.0,75.0,75.19999694824219,74.69999694824219,74.69999694824219,1000
2023-05-08,75.69999694824219,75.69999694824219,75.69999694824219,75.0,75.0,200
2023-05-09,75.5,75.5,76.0,75.30000305175781,75.80000305175781,450
2023-05-10,75.19999694824219,75.19999694824219,75.69999694824219,74.80000305175781,75.5,1000
2023-05-11,75.5999984741211,75.5999984741211,75.80000305175781,75.0999984741211,75.19999694824219,504
2023-05-14,75.5,75.5,76.19999694824219,75.4000015258789,75.80000305175781,1789
2023-05-15,74.69999694824219,74.69999694824219,75.69999694824219,74.69999694824219,75.4000015258789,500
2023-05-16,74.69999694824219,74.69999694824219,75.5999984741211,74.5999984741211,74.80000305175781,575
2023-05-17,75.0,75.0,75.0999984741211,74.5999984741211,74.80000305175781,500
2023-05-18,74.9000015258789,74.9000015258789,75.30000305175781,74.69999694824219,75.30000305175781,250
2023-05-21,74.69999694824219,74.69999694824219,75.0999984741211,74.69999694824219,75.0,1000
2023-05-22,74.5,74.5,75.0,74.4000015258789,74.80000305175781,4335
2023-05-23,74.0999984741211,74.0999984741211,74.69999694824219,74.0,74.5,4000
2023-05-24,73.30000305175781,73.30000305175781,74.30000305175781,73.0999984741211,74.19999694824219,1000
2023-05-25,72.80000305175781,72.80000305175781,73.4000015258789,72.69999694824219,73.0999984741211,528
2023-05-28,72.0999984741211,72.0999984741211,73.69999694824219,71.9000015258789,73.0999984741211,2000
2023-05-29,72.0999984741211,72.0999984741211,72.30000305175781,71.80000305175781,72.0999984741211,700
2023-05-30,71.5999984741211,71.5999984741211,72.4000015258789,71.5999984741211,72.19999694824219,850
2023-05-31,70.69999694824219,70.69999694824219,71.5,70.5999984741211,71.19999694824219,546
2023-06-01,72.30000305175781,72.30000305175781,72.5999984741211,70.9000015258789,71.0,5772
2023-06-04,74.0999984741211,74.0999984741211,74.0999984741211,72.69999694824219,73.0,284
2023-06-05,73.30000305175781,73.30000305175781,74.30000305175781,73.30000305175781,74.30000305175781,2000
2023-06-06,73.19999694824219,73.19999694824219,73.5,72.69999694824219,73.4000015258789,214
2023-06-07,73.0999984741211,73.0999984741211,73.4000015258789,73.0,73.30000305175781,410
2023-06-08,72.30000305175781,72.30000305175781,72.5999984741211,70.9000015258789,71.0,12206
2023-06-11,73.5,73.5,74.0,73.30000305175781,73.4000015258789,1098
2023-06-12,73.5,73.5,73.5999984741211,72.9000015258789,73.5999984741211,4213
2023-06-13,73.19999694824219,73.19999694824219,74.0,73.0999984741211,73.5,400
2023-06-14,74.0,74.0,74.19999694824219,73.5,73.5999984741211,2000
2023-06-15,74.30000305175781,74.30000305175781,74.30000305175781,73.69999694824219,74.0999984741211,300
2023-06-18,73.80000305175781,73.80000305175781,74.4000015258789,73.80000305175781,74.30000305175781,4238
2023-06-19,72.80000305175781,72.80000305175781,73.69999694824219,72.19999694824219,73.5999984741211,5533599
2023-06-20,72.80000305175781,72.80000305175781,73.0999984741211,71.9000015258789,72.5999984741211,3677860
2023-06-21,72.9000015258789,72.9000015258789,72.9000015258789,72.30000305175781,72.69999694824219,2192910
2023-06-22,73.0,73.0,73.19999694824219,72.5,72.9000015258789,2826503
